"사망원인별(104항목)","성별","연령(5세)별",2022,2022
"사망원인별(104항목)","성별","연령(5세)별",사망자수 (명),사망률 (십만명당)
"계","계","계",372939,727.6
"계","계","0세",565,226.8
"계","계","1 - 4세",201,16.3
"계","계","5 - 9세",183,8.4
"계","계","10 - 14세",246,10.4
"계","계","15 - 19세",550,23.5
"계","계","20 - 24세",1073,35.5
"계","계","25 - 29세",1684,48.2
"계","계","30 - 34세",1837,56.5
"계","계","35 - 39세",2590,76.5
"계","계","40 - 44세",4568,114.7
"계","계","45 - 49세",6971,170.9
"계","계","50 - 54세",11176,248.6
"계","계","55 - 59세",15165,374.1
"계","계","60 - 64세",22683,547.4
"계","계","65 - 69세",26315,852.3
"계","계","70 - 74세",32040,1491.4
"계","계","75 - 79세",44581,2778.9
"계","계","80세이상",200493,9237.2
"계","계","80 - 84세",69310,5554.5
"계","계","85 - 89세",69769,10775.3
"계","계","90세이상",61414,22315.5
"계","계","15세 미만",1195,19.9
"계","계","15 - 64세",68297,188.4
"계","계","65세 이상",303429,3367.5
"계","계","연령미상",18,-
"계","남자","계",196465,769.2
"계","남자","0세",322,252.5
"계","남자","1 - 4세",108,17.1
"계","남자","5 - 9세",107,9.6
"계","남자","10 - 14세",146,12.0
"계","남자","15 - 19세",333,27.5
"계","남자","20 - 24세",618,39.3
"계","남자","25 - 29세",1099,59.7
"계","남자","30 - 34세",1219,71.8
"계","남자","35 - 39세",1656,95.5
"계","남자","40 - 44세",2961,146.1
"계","남자","45 - 49세",4590,222.3
"계","남자","50 - 54세",7891,348.2
"계","남자","55 - 59세",11086,540.9
"계","남자","60 - 64세",16617,810.5
"계","남자","65 - 69세",18722,1252.8
"계","남자","70 - 74세",21785,2164.7
"계","남자","75 - 79세",27195,3883.5
"계","남자","80세이상",80008,10793.8
"계","남자","80 - 84세",36239,7572.5
"계","남자","85 - 89세",28083,13901.3
"계","남자","90세이상",15686,25860.2
"계","남자","15세 미만",683,22.2
"계","남자","15 - 64세",48070,259.6
"계","남자","65세 이상",147710,3746.8
"계","남자","연령미상",2,-
"계","여자","계",176474,686.2
"계","여자","0세",243,199.9
"계","여자","1 - 4세",93,15.5
"계","여자","5 - 9세",76,7.2
"계","여자","10 - 14세",100,8.7
"계","여자","15 - 19세",217,19.2
"계","여자","20 - 24세",455,31.4
"계","여자","25 - 29세",585,35.4
"계","여자","30 - 34세",618,39.8
"계","여자","35 - 39세",934,56.6
"계","여자","40 - 44세",1607,82.2
"계","여자","45 - 49세",2381,118.3
"계","여자","50 - 54세",3285,147.4
"계","여자","55 - 59세",4079,203.5
"계","여자","60 - 64세",6066,289.8
"계","여자","65 - 69세",7593,476.6
"계","여자","70 - 74세",10255,898.0
"계","여자","75 - 79세",17386,1923.3
"계","여자","80세이상",120485,8429.8
"계","여자","80 - 84세",33071,4299.2
"계","여자","85 - 89세",41686,9357.7
"계","여자","90세이상",45728,21313.4
"계","여자","15세 미만",512,17.5
"계","여자","15 - 64세",20227,114.1
"계","여자","65세 이상",155719,3072.4
"계","여자","연령미상",16,-
"특정 감염성 및 기생충성 질환 (A00-B99, U07.1, U07.2, U10)","계","계",41783,81.5
"특정 감염성 및 기생충성 질환 (A00-B99, U07.1, U07.2, U10)","계","0세",13,5.2
"특정 감염성 및 기생충성 질환 (A00-B99, U07.1, U07.2, U10)","계","1 - 4세",20,1.6
"특정 감염성 및 기생충성 질환 (A00-B99, U07.1, U07.2, U10)","계","5 - 9세",17,0.8
"특정 감염성 및 기생충성 질환 (A00-B99, U07.1, U07.2, U10)","계","10 - 14세",11,0.5
"특정 감염성 및 기생충성 질환 (A00-B99, U07.1, U07.2, U10)","계","15 - 19세",17,0.7
"특정 감염성 및 기생충성 질환 (A00-B99, U07.1, U07.2, U10)","계","20 - 24세",30,1.0
"특정 감염성 및 기생충성 질환 (A00-B99, U07.1, U07.2, U10)","계","25 - 29세",49,1.4
"특정 감염성 및 기생충성 질환 (A00-B99, U07.1, U07.2, U10)","계","30 - 34세",59,1.8
"특정 감염성 및 기생충성 질환 (A00-B99, U07.1, U07.2, U10)","계","35 - 39세",81,2.4
"특정 감염성 및 기생충성 질환 (A00-B99, U07.1, U07.2, U10)","계","40 - 44세",170,4.3
"특정 감염성 및 기생충성 질환 (A00-B99, U07.1, U07.2, U10)","계","45 - 49세",291,7.1
"특정 감염성 및 기생충성 질환 (A00-B99, U07.1, U07.2, U10)","계","50 - 54세",527,11.7
"특정 감염성 및 기생충성 질환 (A00-B99, U07.1, U07.2, U10)","계","55 - 59세",894,22.1
"특정 감염성 및 기생충성 질환 (A00-B99, U07.1, U07.2, U10)","계","60 - 64세",1645,39.7
"특정 감염성 및 기생충성 질환 (A00-B99, U07.1, U07.2, U10)","계","65 - 69세",2381,77.1
"특정 감염성 및 기생충성 질환 (A00-B99, U07.1, U07.2, U10)","계","70 - 74세",3454,160.8
"특정 감염성 및 기생충성 질환 (A00-B99, U07.1, U07.2, U10)","계","75 - 79세",5165,322.0
"특정 감염성 및 기생충성 질환 (A00-B99, U07.1, U07.2, U10)","계","80세이상",26954,1241.8
"특정 감염성 및 기생충성 질환 (A00-B99, U07.1, U07.2, U10)","계","80 - 84세",8696,696.9
"특정 감염성 및 기생충성 질환 (A00-B99, U07.1, U07.2, U10)","계","85 - 89세",9518,1470.0
"특정 감염성 및 기생충성 질환 (A00-B99, U07.1, U07.2, U10)","계","90세이상",8740,3175.8
"특정 감염성 및 기생충성 질환 (A00-B99, U07.1, U07.2, U10)","계","15세 미만",61,1.0
"특정 감염성 및 기생충성 질환 (A00-B99, U07.1, U07.2, U10)","계","15 - 64세",3763,10.4
"특정 감염성 및 기생충성 질환 (A00-B99, U07.1, U07.2, U10)","계","65세 이상",37954,421.2
"특정 감염성 및 기생충성 질환 (A00-B99, U07.1, U07.2, U10)","계","연령미상",5,-
"특정 감염성 및 기생충성 질환 (A00-B99, U07.1, U07.2, U10)","남자","계",19650,76.9
"특정 감염성 및 기생충성 질환 (A00-B99, U07.1, U07.2, U10)","남자","0세",8,6.3
"특정 감염성 및 기생충성 질환 (A00-B99, U07.1, U07.2, U10)","남자","1 - 4세",11,1.7
"특정 감염성 및 기생충성 질환 (A00-B99, U07.1, U07.2, U10)","남자","5 - 9세",7,0.6
"특정 감염성 및 기생충성 질환 (A00-B99, U07.1, U07.2, U10)","남자","10 - 14세",5,0.4
"특정 감염성 및 기생충성 질환 (A00-B99, U07.1, U07.2, U10)","남자","15 - 19세",10,0.8
"특정 감염성 및 기생충성 질환 (A00-B99, U07.1, U07.2, U10)","남자","20 - 24세",18,1.1
"특정 감염성 및 기생충성 질환 (A00-B99, U07.1, U07.2, U10)","남자","25 - 29세",32,1.7
"특정 감염성 및 기생충성 질환 (A00-B99, U07.1, U07.2, U10)","남자","30 - 34세",40,2.4
"특정 감염성 및 기생충성 질환 (A00-B99, U07.1, U07.2, U10)","남자","35 - 39세",48,2.8
"특정 감염성 및 기생충성 질환 (A00-B99, U07.1, U07.2, U10)","남자","40 - 44세",106,5.2
"특정 감염성 및 기생충성 질환 (A00-B99, U07.1, U07.2, U10)","남자","45 - 49세",173,8.4
"특정 감염성 및 기생충성 질환 (A00-B99, U07.1, U07.2, U10)","남자","50 - 54세",367,16.2
"특정 감염성 및 기생충성 질환 (A00-B99, U07.1, U07.2, U10)","남자","55 - 59세",624,30.4
"특정 감염성 및 기생충성 질환 (A00-B99, U07.1, U07.2, U10)","남자","60 - 64세",1156,56.4
"특정 감염성 및 기생충성 질환 (A00-B99, U07.1, U07.2, U10)","남자","65 - 69세",1619,108.3
"특정 감염성 및 기생충성 질환 (A00-B99, U07.1, U07.2, U10)","남자","70 - 74세",2259,224.5
"특정 감염성 및 기생충성 질환 (A00-B99, U07.1, U07.2, U10)","남자","75 - 79세",2971,424.3
"특정 감염성 및 기생충성 질환 (A00-B99, U07.1, U07.2, U10)","남자","80세이상",10194,1375.3
"특정 감염성 및 기생충성 질환 (A00-B99, U07.1, U07.2, U10)","남자","80 - 84세",4318,902.3
"특정 감염성 및 기생충성 질환 (A00-B99, U07.1, U07.2, U10)","남자","85 - 89세",3604,1784.0
"특정 감염성 및 기생충성 질환 (A00-B99, U07.1, U07.2, U10)","남자","90세이상",2272,3745.7
"특정 감염성 및 기생충성 질환 (A00-B99, U07.1, U07.2, U10)","남자","15세 미만",31,1.0
"특정 감염성 및 기생충성 질환 (A00-B99, U07.1, U07.2, U10)","남자","15 - 64세",2574,13.9
"특정 감염성 및 기생충성 질환 (A00-B99, U07.1, U07.2, U10)","남자","65세 이상",17043,432.3
"특정 감염성 및 기생충성 질환 (A00-B99, U07.1, U07.2, U10)","남자","연령미상",2,-
"특정 감염성 및 기생충성 질환 (A00-B99, U07.1, U07.2, U10)","여자","계",22133,86.1
"특정 감염성 및 기생충성 질환 (A00-B99, U07.1, U07.2, U10)","여자","0세",5,4.1
"특정 감염성 및 기생충성 질환 (A00-B99, U07.1, U07.2, U10)","여자","1 - 4세",9,1.5
"특정 감염성 및 기생충성 질환 (A00-B99, U07.1, U07.2, U10)","여자","5 - 9세",10,0.9
"특정 감염성 및 기생충성 질환 (A00-B99, U07.1, U07.2, U10)","여자","10 - 14세",6,0.5
"특정 감염성 및 기생충성 질환 (A00-B99, U07.1, U07.2, U10)","여자","15 - 19세",7,0.6
"특정 감염성 및 기생충성 질환 (A00-B99, U07.1, U07.2, U10)","여자","20 - 24세",12,0.8
"특정 감염성 및 기생충성 질환 (A00-B99, U07.1, U07.2, U10)","여자","25 - 29세",17,1.0
"특정 감염성 및 기생충성 질환 (A00-B99, U07.1, U07.2, U10)","여자","30 - 34세",19,1.2
"특정 감염성 및 기생충성 질환 (A00-B99, U07.1, U07.2, U10)","여자","35 - 39세",33,2.0
"특정 감염성 및 기생충성 질환 (A00-B99, U07.1, U07.2, U10)","여자","40 - 44세",64,3.3
"특정 감염성 및 기생충성 질환 (A00-B99, U07.1, U07.2, U10)","여자","45 - 49세",118,5.9
"특정 감염성 및 기생충성 질환 (A00-B99, U07.1, U07.2, U10)","여자","50 - 54세",160,7.2
"특정 감염성 및 기생충성 질환 (A00-B99, U07.1, U07.2, U10)","여자","55 - 59세",270,13.5
"특정 감염성 및 기생충성 질환 (A00-B99, U07.1, U07.2, U10)","여자","60 - 64세",489,23.4
"특정 감염성 및 기생충성 질환 (A00-B99, U07.1, U07.2, U10)","여자","65 - 69세",762,47.8
"특정 감염성 및 기생충성 질환 (A00-B99, U07.1, U07.2, U10)","여자","70 - 74세",1195,104.6
"특정 감염성 및 기생충성 질환 (A00-B99, U07.1, U07.2, U10)","여자","75 - 79세",2194,242.7
"특정 감염성 및 기생충성 질환 (A00-B99, U07.1, U07.2, U10)","여자","80세이상",16760,1172.6
"특정 감염성 및 기생충성 질환 (A00-B99, U07.1, U07.2, U10)","여자","80 - 84세",4378,569.1
"특정 감염성 및 기생충성 질환 (A00-B99, U07.1, U07.2, U10)","여자","85 - 89세",5914,1327.6
"특정 감염성 및 기생충성 질환 (A00-B99, U07.1, U07.2, U10)","여자","90세이상",6468,3014.7
"특정 감염성 및 기생충성 질환 (A00-B99, U07.1, U07.2, U10)","여자","15세 미만",30,1.0
"특정 감염성 및 기생충성 질환 (A00-B99, U07.1, U07.2, U10)","여자","15 - 64세",1189,6.7
"특정 감염성 및 기생충성 질환 (A00-B99, U07.1, U07.2, U10)","여자","65세 이상",20911,412.6
"특정 감염성 및 기생충성 질환 (A00-B99, U07.1, U07.2, U10)","여자","연령미상",3,-
"신생물 (C00-D48)","계","계",85075,166.0
"신생물 (C00-D48)","계","0세",5,2.0
"신생물 (C00-D48)","계","1 - 4세",30,2.4
"신생물 (C00-D48)","계","5 - 9세",43,2.0
"신생물 (C00-D48)","계","10 - 14세",42,1.8
"신생물 (C00-D48)","계","15 - 19세",58,2.5
"신생물 (C00-D48)","계","20 - 24세",100,3.3
"신생물 (C00-D48)","계","25 - 29세",158,4.5
"신생물 (C00-D48)","계","30 - 34세",255,7.8
"신생물 (C00-D48)","계","35 - 39세",502,14.8
"신생물 (C00-D48)","계","40 - 44세",1098,27.6
"신생물 (C00-D48)","계","45 - 49세",1933,47.4
"신생물 (C00-D48)","계","50 - 54세",3581,79.7
"신생물 (C00-D48)","계","55 - 59세",5147,127.0
"신생물 (C00-D48)","계","60 - 64세",8627,208.2
"신생물 (C00-D48)","계","65 - 69세",10214,330.8
"신생물 (C00-D48)","계","70 - 74세",11429,532.0
"신생물 (C00-D48)","계","75 - 79세",12779,796.6
"신생물 (C00-D48)","계","80세이상",29074,1339.5
"신생물 (C00-D48)","계","80 - 84세",14834,1188.8
"신생물 (C00-D48)","계","85 - 89세",9956,1537.6
"신생물 (C00-D48)","계","90세이상",4284,1556.6
"신생물 (C00-D48)","계","15세 미만",120,2.0
"신생물 (C00-D48)","계","15 - 64세",21459,59.2
"신생물 (C00-D48)","계","65세 이상",63496,704.7
"신생물 (C00-D48)","계","연령미상",0,-
"신생물 (C00-D48)","남자","계",52200,204.4
"신생물 (C00-D48)","남자","0세",3,2.4
"신생물 (C00-D48)","남자","1 - 4세",15,2.4
"신생물 (C00-D48)","남자","5 - 9세",25,2.3
"신생물 (C00-D48)","남자","10 - 14세",29,2.4
"신생물 (C00-D48)","남자","15 - 19세",38,3.1
"신생물 (C00-D48)","남자","20 - 24세",59,3.7
"신생물 (C00-D48)","남자","25 - 29세",84,4.6
"신생물 (C00-D48)","남자","30 - 34세",129,7.6
"신생물 (C00-D48)","남자","35 - 39세",222,12.8
"신생물 (C00-D48)","남자","40 - 44세",510,25.2
"신생물 (C00-D48)","남자","45 - 49세",928,44.9
"신생물 (C00-D48)","남자","50 - 54세",1998,88.2
"신생물 (C00-D48)","남자","55 - 59세",3229,157.6
"신생물 (C00-D48)","남자","60 - 64세",5812,283.5
"신생물 (C00-D48)","남자","65 - 69세",7145,478.1
"신생물 (C00-D48)","남자","70 - 74세",7888,783.8
"신생물 (C00-D48)","남자","75 - 79세",8444,1205.8
"신생물 (C00-D48)","남자","80세이상",15642,2110.3
"신생물 (C00-D48)","남자","80 - 84세",8840,1847.2
"신생물 (C00-D48)","남자","85 - 89세",5052,2500.8
"신생물 (C00-D48)","남자","90세이상",1750,2885.1
"신생물 (C00-D48)","남자","15세 미만",72,2.3
"신생물 (C00-D48)","남자","15 - 64세",13009,70.3
"신생물 (C00-D48)","남자","65세 이상",39119,992.3
"신생물 (C00-D48)","남자","연령미상",0,-
"신생물 (C00-D48)","여자","계",32875,127.8
"신생물 (C00-D48)","여자","0세",2,1.6
"신생물 (C00-D48)","여자","1 - 4세",15,2.5
"신생물 (C00-D48)","여자","5 - 9세",18,1.7
"신생물 (C00-D48)","여자","10 - 14세",13,1.1
"신생물 (C00-D48)","여자","15 - 19세",20,1.8
"신생물 (C00-D48)","여자","20 - 24세",41,2.8
"신생물 (C00-D48)","여자","25 - 29세",74,4.5
"신생물 (C00-D48)","여자","30 - 34세",126,8.1
"신생물 (C00-D48)","여자","35 - 39세",280,17.0
"신생물 (C00-D48)","여자","40 - 44세",588,30.1
"신생물 (C00-D48)","여자","45 - 49세",1005,49.9
"신생물 (C00-D48)","여자","50 - 54세",1583,71.0
"신생물 (C00-D48)","여자","55 - 59세",1918,95.7
"신생물 (C00-D48)","여자","60 - 64세",2815,134.5
"신생물 (C00-D48)","여자","65 - 69세",3069,192.6
"신생물 (C00-D48)","여자","70 - 74세",3541,310.1
"신생물 (C00-D48)","여자","75 - 79세",4335,479.5
"신생물 (C00-D48)","여자","80세이상",13432,939.8
"신생물 (C00-D48)","여자","80 - 84세",5994,779.2
"신생물 (C00-D48)","여자","85 - 89세",4904,1100.8
"신생물 (C00-D48)","여자","90세이상",2534,1181.1
"신생물 (C00-D48)","여자","15세 미만",48,1.6
"신생물 (C00-D48)","여자","15 - 64세",8450,47.7
"신생물 (C00-D48)","여자","65세 이상",24377,481.0
"신생물 (C00-D48)","여자","연령미상",0,-
"혈액 및 조혈기관질환과 면역메커니즘을 침범하는 특정장애 (D50-D89) (명)","계","계",882,1.7
"혈액 및 조혈기관질환과 면역메커니즘을 침범하는 특정장애 (D50-D89) (명)","계","0세",1,0.4
"혈액 및 조혈기관질환과 면역메커니즘을 침범하는 특정장애 (D50-D89) (명)","계","1 - 4세",4,0.3
"혈액 및 조혈기관질환과 면역메커니즘을 침범하는 특정장애 (D50-D89) (명)","계","5 - 9세",3,0.1
"혈액 및 조혈기관질환과 면역메커니즘을 침범하는 특정장애 (D50-D89) (명)","계","10 - 14세",6,0.3
"혈액 및 조혈기관질환과 면역메커니즘을 침범하는 특정장애 (D50-D89) (명)","계","15 - 19세",7,0.3
"혈액 및 조혈기관질환과 면역메커니즘을 침범하는 특정장애 (D50-D89) (명)","계","20 - 24세",2,0.1
"혈액 및 조혈기관질환과 면역메커니즘을 침범하는 특정장애 (D50-D89) (명)","계","25 - 29세",2,0.1
"혈액 및 조혈기관질환과 면역메커니즘을 침범하는 특정장애 (D50-D89) (명)","계","30 - 34세",3,0.1
"혈액 및 조혈기관질환과 면역메커니즘을 침범하는 특정장애 (D50-D89) (명)","계","35 - 39세",13,0.4
"혈액 및 조혈기관질환과 면역메커니즘을 침범하는 특정장애 (D50-D89) (명)","계","40 - 44세",8,0.2
"혈액 및 조혈기관질환과 면역메커니즘을 침범하는 특정장애 (D50-D89) (명)","계","45 - 49세",18,0.4
"혈액 및 조혈기관질환과 면역메커니즘을 침범하는 특정장애 (D50-D89) (명)","계","50 - 54세",27,0.6
"혈액 및 조혈기관질환과 면역메커니즘을 침범하는 특정장애 (D50-D89) (명)","계","55 - 59세",40,1.0
"혈액 및 조혈기관질환과 면역메커니즘을 침범하는 특정장애 (D50-D89) (명)","계","60 - 64세",48,1.2
"혈액 및 조혈기관질환과 면역메커니즘을 침범하는 특정장애 (D50-D89) (명)","계","65 - 69세",58,1.9
"혈액 및 조혈기관질환과 면역메커니즘을 침범하는 특정장애 (D50-D89) (명)","계","70 - 74세",87,4.0
"혈액 및 조혈기관질환과 면역메커니즘을 침범하는 특정장애 (D50-D89) (명)","계","75 - 79세",113,7.0
"혈액 및 조혈기관질환과 면역메커니즘을 침범하는 특정장애 (D50-D89) (명)","계","80세이상",442,20.4
"혈액 및 조혈기관질환과 면역메커니즘을 침범하는 특정장애 (D50-D89) (명)","계","80 - 84세",157,12.6
"혈액 및 조혈기관질환과 면역메커니즘을 침범하는 특정장애 (D50-D89) (명)","계","85 - 89세",158,24.4
"혈액 및 조혈기관질환과 면역메커니즘을 침범하는 특정장애 (D50-D89) (명)","계","90세이상",127,46.1
"혈액 및 조혈기관질환과 면역메커니즘을 침범하는 특정장애 (D50-D89) (명)","계","15세 미만",14,0.2
"혈액 및 조혈기관질환과 면역메커니즘을 침범하는 특정장애 (D50-D89) (명)","계","15 - 64세",168,0.5
"혈액 및 조혈기관질환과 면역메커니즘을 침범하는 특정장애 (D50-D89) (명)","계","65세 이상",700,7.8
"혈액 및 조혈기관질환과 면역메커니즘을 침범하는 특정장애 (D50-D89) (명)","계","연령미상",0,-
"혈액 및 조혈기관질환과 면역메커니즘을 침범하는 특정장애 (D50-D89) (명)","남자","계",375,1.5
"혈액 및 조혈기관질환과 면역메커니즘을 침범하는 특정장애 (D50-D89) (명)","남자","0세",0,-
"혈액 및 조혈기관질환과 면역메커니즘을 침범하는 특정장애 (D50-D89) (명)","남자","1 - 4세",2,0.3
"혈액 및 조혈기관질환과 면역메커니즘을 침범하는 특정장애 (D50-D89) (명)","남자","5 - 9세",1,0.1
"혈액 및 조혈기관질환과 면역메커니즘을 침범하는 특정장애 (D50-D89) (명)","남자","10 - 14세",4,0.3
"혈액 및 조혈기관질환과 면역메커니즘을 침범하는 특정장애 (D50-D89) (명)","남자","15 - 19세",4,0.3
"혈액 및 조혈기관질환과 면역메커니즘을 침범하는 특정장애 (D50-D89) (명)","남자","20 - 24세",0,-
"혈액 및 조혈기관질환과 면역메커니즘을 침범하는 특정장애 (D50-D89) (명)","남자","25 - 29세",1,0.1
"혈액 및 조혈기관질환과 면역메커니즘을 침범하는 특정장애 (D50-D89) (명)","남자","30 - 34세",1,0.1
"혈액 및 조혈기관질환과 면역메커니즘을 침범하는 특정장애 (D50-D89) (명)","남자","35 - 39세",5,0.3
"혈액 및 조혈기관질환과 면역메커니즘을 침범하는 특정장애 (D50-D89) (명)","남자","40 - 44세",5,0.2
"혈액 및 조혈기관질환과 면역메커니즘을 침범하는 특정장애 (D50-D89) (명)","남자","45 - 49세",7,0.3
"혈액 및 조혈기관질환과 면역메커니즘을 침범하는 특정장애 (D50-D89) (명)","남자","50 - 54세",17,0.8
"혈액 및 조혈기관질환과 면역메커니즘을 침범하는 특정장애 (D50-D89) (명)","남자","55 - 59세",23,1.1
"혈액 및 조혈기관질환과 면역메커니즘을 침범하는 특정장애 (D50-D89) (명)","남자","60 - 64세",29,1.4
"혈액 및 조혈기관질환과 면역메커니즘을 침범하는 특정장애 (D50-D89) (명)","남자","65 - 69세",34,2.3
"혈액 및 조혈기관질환과 면역메커니즘을 침범하는 특정장애 (D50-D89) (명)","남자","70 - 74세",42,4.2
"혈액 및 조혈기관질환과 면역메커니즘을 침범하는 특정장애 (D50-D89) (명)","남자","75 - 79세",56,8.0
"혈액 및 조혈기관질환과 면역메커니즘을 침범하는 특정장애 (D50-D89) (명)","남자","80세이상",144,19.4
"혈액 및 조혈기관질환과 면역메커니즘을 침범하는 특정장애 (D50-D89) (명)","남자","80 - 84세",66,13.8
"혈액 및 조혈기관질환과 면역메커니즘을 침범하는 특정장애 (D50-D89) (명)","남자","85 - 89세",51,25.2
"혈액 및 조혈기관질환과 면역메커니즘을 침범하는 특정장애 (D50-D89) (명)","남자","90세이상",27,44.5
"혈액 및 조혈기관질환과 면역메커니즘을 침범하는 특정장애 (D50-D89) (명)","남자","15세 미만",7,0.2
"혈액 및 조혈기관질환과 면역메커니즘을 침범하는 특정장애 (D50-D89) (명)","남자","15 - 64세",92,0.5
"혈액 및 조혈기관질환과 면역메커니즘을 침범하는 특정장애 (D50-D89) (명)","남자","65세 이상",276,7.0
"혈액 및 조혈기관질환과 면역메커니즘을 침범하는 특정장애 (D50-D89) (명)","남자","연령미상",0,-
"혈액 및 조혈기관질환과 면역메커니즘을 침범하는 특정장애 (D50-D89) (명)","여자","계",507,2.0
"혈액 및 조혈기관질환과 면역메커니즘을 침범하는 특정장애 (D50-D89) (명)","여자","0세",1,0.8
"혈액 및 조혈기관질환과 면역메커니즘을 침범하는 특정장애 (D50-D89) (명)","여자","1 - 4세",2,0.3
"혈액 및 조혈기관질환과 면역메커니즘을 침범하는 특정장애 (D50-D89) (명)","여자","5 - 9세",2,0.2
"혈액 및 조혈기관질환과 면역메커니즘을 침범하는 특정장애 (D50-D89) (명)","여자","10 - 14세",2,0.2
"혈액 및 조혈기관질환과 면역메커니즘을 침범하는 특정장애 (D50-D89) (명)","여자","15 - 19세",3,0.3
"혈액 및 조혈기관질환과 면역메커니즘을 침범하는 특정장애 (D50-D89) (명)","여자","20 - 24세",2,0.1
"혈액 및 조혈기관질환과 면역메커니즘을 침범하는 특정장애 (D50-D89) (명)","여자","25 - 29세",1,0.1
"혈액 및 조혈기관질환과 면역메커니즘을 침범하는 특정장애 (D50-D89) (명)","여자","30 - 34세",2,0.1
"혈액 및 조혈기관질환과 면역메커니즘을 침범하는 특정장애 (D50-D89) (명)","여자","35 - 39세",8,0.5
"혈액 및 조혈기관질환과 면역메커니즘을 침범하는 특정장애 (D50-D89) (명)","여자","40 - 44세",3,0.2
"혈액 및 조혈기관질환과 면역메커니즘을 침범하는 특정장애 (D50-D89) (명)","여자","45 - 49세",11,0.5
"혈액 및 조혈기관질환과 면역메커니즘을 침범하는 특정장애 (D50-D89) (명)","여자","50 - 54세",10,0.4
"혈액 및 조혈기관질환과 면역메커니즘을 침범하는 특정장애 (D50-D89) (명)","여자","55 - 59세",17,0.8
"혈액 및 조혈기관질환과 면역메커니즘을 침범하는 특정장애 (D50-D89) (명)","여자","60 - 64세",19,0.9
"혈액 및 조혈기관질환과 면역메커니즘을 침범하는 특정장애 (D50-D89) (명)","여자","65 - 69세",24,1.5
"혈액 및 조혈기관질환과 면역메커니즘을 침범하는 특정장애 (D50-D89) (명)","여자","70 - 74세",45,3.9
"혈액 및 조혈기관질환과 면역메커니즘을 침범하는 특정장애 (D50-D89) (명)","여자","75 - 79세",57,6.3
"혈액 및 조혈기관질환과 면역메커니즘을 침범하는 특정장애 (D50-D89) (명)","여자","80세이상",298,20.8
"혈액 및 조혈기관질환과 면역메커니즘을 침범하는 특정장애 (D50-D89) (명)","여자","80 - 84세",91,11.8
"혈액 및 조혈기관질환과 면역메커니즘을 침범하는 특정장애 (D50-D89) (명)","여자","85 - 89세",107,24.0
"혈액 및 조혈기관질환과 면역메커니즘을 침범하는 특정장애 (D50-D89) (명)","여자","90세이상",100,46.6
"혈액 및 조혈기관질환과 면역메커니즘을 침범하는 특정장애 (D50-D89) (명)","여자","15세 미만",7,0.2
"혈액 및 조혈기관질환과 면역메커니즘을 침범하는 특정장애 (D50-D89) (명)","여자","15 - 64세",76,0.4
"혈액 및 조혈기관질환과 면역메커니즘을 침범하는 특정장애 (D50-D89) (명)","여자","65세 이상",424,8.4
"혈액 및 조혈기관질환과 면역메커니즘을 침범하는 특정장애 (D50-D89) (명)","여자","연령미상",0,-
"내분비, 영양 및 대사 질환 (E00-E88)","계","계",12865,25.1
"내분비, 영양 및 대사 질환 (E00-E88)","계","0세",7,2.8
"내분비, 영양 및 대사 질환 (E00-E88)","계","1 - 4세",3,0.2
"내분비, 영양 및 대사 질환 (E00-E88)","계","5 - 9세",4,0.2
"내분비, 영양 및 대사 질환 (E00-E88)","계","10 - 14세",8,0.3
"내분비, 영양 및 대사 질환 (E00-E88)","계","15 - 19세",7,0.3
"내분비, 영양 및 대사 질환 (E00-E88)","계","20 - 24세",15,0.5
"내분비, 영양 및 대사 질환 (E00-E88)","계","25 - 29세",29,0.8
"내분비, 영양 및 대사 질환 (E00-E88)","계","30 - 34세",27,0.8
"내분비, 영양 및 대사 질환 (E00-E88)","계","35 - 39세",48,1.4
"내분비, 영양 및 대사 질환 (E00-E88)","계","40 - 44세",96,2.4
"내분비, 영양 및 대사 질환 (E00-E88)","계","45 - 49세",179,4.4
"내분비, 영양 및 대사 질환 (E00-E88)","계","50 - 54세",352,7.8
"내분비, 영양 및 대사 질환 (E00-E88)","계","55 - 59세",545,13.4
"내분비, 영양 및 대사 질환 (E00-E88)","계","60 - 64세",870,21.0
"내분비, 영양 및 대사 질환 (E00-E88)","계","65 - 69세",964,31.2
"내분비, 영양 및 대사 질환 (E00-E88)","계","70 - 74세",1184,55.1
"내분비, 영양 및 대사 질환 (E00-E88)","계","75 - 79세",1881,117.3
"내분비, 영양 및 대사 질환 (E00-E88)","계","80세이상",6646,306.2
"내분비, 영양 및 대사 질환 (E00-E88)","계","80 - 84세",2636,211.3
"내분비, 영양 및 대사 질환 (E00-E88)","계","85 - 89세",2482,383.3
"내분비, 영양 및 대사 질환 (E00-E88)","계","90세이상",1528,555.2
"내분비, 영양 및 대사 질환 (E00-E88)","계","15세 미만",22,0.4
"내분비, 영양 및 대사 질환 (E00-E88)","계","15 - 64세",2168,6.0
"내분비, 영양 및 대사 질환 (E00-E88)","계","65세 이상",10675,118.5
"내분비, 영양 및 대사 질환 (E00-E88)","계","연령미상",0,-
"내분비, 영양 및 대사 질환 (E00-E88)","남자","계",6529,25.6
"내분비, 영양 및 대사 질환 (E00-E88)","남자","0세",6,4.7
"내분비, 영양 및 대사 질환 (E00-E88)","남자","1 - 4세",2,0.3
"내분비, 영양 및 대사 질환 (E00-E88)","남자","5 - 9세",2,0.2
"내분비, 영양 및 대사 질환 (E00-E88)","남자","10 - 14세",6,0.5
"내분비, 영양 및 대사 질환 (E00-E88)","남자","15 - 19세",5,0.4
"내분비, 영양 및 대사 질환 (E00-E88)","남자","20 - 24세",13,0.8
"내분비, 영양 및 대사 질환 (E00-E88)","남자","25 - 29세",14,0.8
"내분비, 영양 및 대사 질환 (E00-E88)","남자","30 - 34세",16,0.9
"내분비, 영양 및 대사 질환 (E00-E88)","남자","35 - 39세",39,2.2
"내분비, 영양 및 대사 질환 (E00-E88)","남자","40 - 44세",73,3.6
"내분비, 영양 및 대사 질환 (E00-E88)","남자","45 - 49세",134,6.5
"내분비, 영양 및 대사 질환 (E00-E88)","남자","50 - 54세",280,12.4
"내분비, 영양 및 대사 질환 (E00-E88)","남자","55 - 59세",426,20.8
"내분비, 영양 및 대사 질환 (E00-E88)","남자","60 - 64세",669,32.6
"내분비, 영양 및 대사 질환 (E00-E88)","남자","65 - 69세",683,45.7
"내분비, 영양 및 대사 질환 (E00-E88)","남자","70 - 74세",767,76.2
"내분비, 영양 및 대사 질환 (E00-E88)","남자","75 - 79세",1025,146.4
"내분비, 영양 및 대사 질환 (E00-E88)","남자","80세이상",2369,319.6
"내분비, 영양 및 대사 질환 (E00-E88)","남자","80 - 84세",1195,249.7
"내분비, 영양 및 대사 질환 (E00-E88)","남자","85 - 89세",827,409.4
"내분비, 영양 및 대사 질환 (E00-E88)","남자","90세이상",347,572.1
"내분비, 영양 및 대사 질환 (E00-E88)","남자","15세 미만",16,0.5
"내분비, 영양 및 대사 질환 (E00-E88)","남자","15 - 64세",1669,9.0
"내분비, 영양 및 대사 질환 (E00-E88)","남자","65세 이상",4844,122.9
"내분비, 영양 및 대사 질환 (E00-E88)","남자","연령미상",0,-
"내분비, 영양 및 대사 질환 (E00-E88)","여자","계",6336,24.6
"내분비, 영양 및 대사 질환 (E00-E88)","여자","0세",1,0.8
"내분비, 영양 및 대사 질환 (E00-E88)","여자","1 - 4세",1,0.2
"내분비, 영양 및 대사 질환 (E00-E88)","여자","5 - 9세",2,0.2
"내분비, 영양 및 대사 질환 (E00-E88)","여자","10 - 14세",2,0.2
"내분비, 영양 및 대사 질환 (E00-E88)","여자","15 - 19세",2,0.2
"내분비, 영양 및 대사 질환 (E00-E88)","여자","20 - 24세",2,0.1
"내분비, 영양 및 대사 질환 (E00-E88)","여자","25 - 29세",15,0.9
"내분비, 영양 및 대사 질환 (E00-E88)","여자","30 - 34세",11,0.7
"내분비, 영양 및 대사 질환 (E00-E88)","여자","35 - 39세",9,0.5
"내분비, 영양 및 대사 질환 (E00-E88)","여자","40 - 44세",23,1.2
"내분비, 영양 및 대사 질환 (E00-E88)","여자","45 - 49세",45,2.2
"내분비, 영양 및 대사 질환 (E00-E88)","여자","50 - 54세",72,3.2
"내분비, 영양 및 대사 질환 (E00-E88)","여자","55 - 59세",119,5.9
"내분비, 영양 및 대사 질환 (E00-E88)","여자","60 - 64세",201,9.6
"내분비, 영양 및 대사 질환 (E00-E88)","여자","65 - 69세",281,17.6
"내분비, 영양 및 대사 질환 (E00-E88)","여자","70 - 74세",417,36.5
"내분비, 영양 및 대사 질환 (E00-E88)","여자","75 - 79세",856,94.7
"내분비, 영양 및 대사 질환 (E00-E88)","여자","80세이상",4277,299.2
"내분비, 영양 및 대사 질환 (E00-E88)","여자","80 - 84세",1441,187.3
"내분비, 영양 및 대사 질환 (E00-E88)","여자","85 - 89세",1655,371.5
"내분비, 영양 및 대사 질환 (E00-E88)","여자","90세이상",1181,550.5
"내분비, 영양 및 대사 질환 (E00-E88)","여자","15세 미만",6,0.2
"내분비, 영양 및 대사 질환 (E00-E88)","여자","15 - 64세",499,2.8
"내분비, 영양 및 대사 질환 (E00-E88)","여자","65세 이상",5831,115.0
"내분비, 영양 및 대사 질환 (E00-E88)","여자","연령미상",0,-
"정신 및 행동장애 (F01-F99)","계","계",3697,7.2
"정신 및 행동장애 (F01-F99)","계","0세",0,-
"정신 및 행동장애 (F01-F99)","계","1 - 4세",0,-
"정신 및 행동장애 (F01-F99)","계","5 - 9세",0,-
"정신 및 행동장애 (F01-F99)","계","10 - 14세",0,-
"정신 및 행동장애 (F01-F99)","계","15 - 19세",1,0.0
"정신 및 행동장애 (F01-F99)","계","20 - 24세",0,-
"정신 및 행동장애 (F01-F99)","계","25 - 29세",9,0.3
"정신 및 행동장애 (F01-F99)","계","30 - 34세",14,0.4
"정신 및 행동장애 (F01-F99)","계","35 - 39세",23,0.7
"정신 및 행동장애 (F01-F99)","계","40 - 44세",53,1.3
"정신 및 행동장애 (F01-F99)","계","45 - 49세",92,2.3
"정신 및 행동장애 (F01-F99)","계","50 - 54세",206,4.6
"정신 및 행동장애 (F01-F99)","계","55 - 59세",248,6.1
"정신 및 행동장애 (F01-F99)","계","60 - 64세",267,6.4
"정신 및 행동장애 (F01-F99)","계","65 - 69세",215,7.0
"정신 및 행동장애 (F01-F99)","계","70 - 74세",200,9.3
"정신 및 행동장애 (F01-F99)","계","75 - 79세",275,17.1
"정신 및 행동장애 (F01-F99)","계","80세이상",2094,96.5
"정신 및 행동장애 (F01-F99)","계","80 - 84세",553,44.3
"정신 및 행동장애 (F01-F99)","계","85 - 89세",702,108.4
"정신 및 행동장애 (F01-F99)","계","90세이상",839,304.9
"정신 및 행동장애 (F01-F99)","계","15세 미만",0,
"정신 및 행동장애 (F01-F99)","계","15 - 64세",913,2.5
"정신 및 행동장애 (F01-F99)","계","65세 이상",2784,30.9
"정신 및 행동장애 (F01-F99)","계","연령미상",0,-
"정신 및 행동장애 (F01-F99)","남자","계",1935,7.6
"정신 및 행동장애 (F01-F99)","남자","0세",0,-
"정신 및 행동장애 (F01-F99)","남자","1 - 4세",0,-
"정신 및 행동장애 (F01-F99)","남자","5 - 9세",0,-
"정신 및 행동장애 (F01-F99)","남자","10 - 14세",0,-
"정신 및 행동장애 (F01-F99)","남자","15 - 19세",0,-
"정신 및 행동장애 (F01-F99)","남자","20 - 24세",0,-
"정신 및 행동장애 (F01-F99)","남자","25 - 29세",8,0.4
"정신 및 행동장애 (F01-F99)","남자","30 - 34세",10,0.6
"정신 및 행동장애 (F01-F99)","남자","35 - 39세",15,0.9
"정신 및 행동장애 (F01-F99)","남자","40 - 44세",41,2.0
"정신 및 행동장애 (F01-F99)","남자","45 - 49세",76,3.7
"정신 및 행동장애 (F01-F99)","남자","50 - 54세",180,7.9
"정신 및 행동장애 (F01-F99)","남자","55 - 59세",223,10.9
"정신 및 행동장애 (F01-F99)","남자","60 - 64세",237,11.6
"정신 및 행동장애 (F01-F99)","남자","65 - 69세",173,11.6
"정신 및 행동장애 (F01-F99)","남자","70 - 74세",144,14.3
"정신 및 행동장애 (F01-F99)","남자","75 - 79세",166,23.7
"정신 및 행동장애 (F01-F99)","남자","80세이상",662,89.3
"정신 및 행동장애 (F01-F99)","남자","80 - 84세",282,58.9
"정신 및 행동장애 (F01-F99)","남자","85 - 89세",224,110.9
"정신 및 행동장애 (F01-F99)","남자","90세이상",156,257.2
"정신 및 행동장애 (F01-F99)","남자","15세 미만",0,
"정신 및 행동장애 (F01-F99)","남자","15 - 64세",790,4.3
"정신 및 행동장애 (F01-F99)","남자","65세 이상",1145,29.0
"정신 및 행동장애 (F01-F99)","남자","연령미상",0,-
"정신 및 행동장애 (F01-F99)","여자","계",1762,6.9
"정신 및 행동장애 (F01-F99)","여자","0세",0,-
"정신 및 행동장애 (F01-F99)","여자","1 - 4세",0,-
"정신 및 행동장애 (F01-F99)","여자","5 - 9세",0,-
"정신 및 행동장애 (F01-F99)","여자","10 - 14세",0,-
"정신 및 행동장애 (F01-F99)","여자","15 - 19세",1,0.1
"정신 및 행동장애 (F01-F99)","여자","20 - 24세",0,-
"정신 및 행동장애 (F01-F99)","여자","25 - 29세",1,0.1
"정신 및 행동장애 (F01-F99)","여자","30 - 34세",4,0.3
"정신 및 행동장애 (F01-F99)","여자","35 - 39세",8,0.5
"정신 및 행동장애 (F01-F99)","여자","40 - 44세",12,0.6
"정신 및 행동장애 (F01-F99)","여자","45 - 49세",16,0.8
"정신 및 행동장애 (F01-F99)","여자","50 - 54세",26,1.2
"정신 및 행동장애 (F01-F99)","여자","55 - 59세",25,1.2
"정신 및 행동장애 (F01-F99)","여자","60 - 64세",30,1.4
"정신 및 행동장애 (F01-F99)","여자","65 - 69세",42,2.6
"정신 및 행동장애 (F01-F99)","여자","70 - 74세",56,4.9
"정신 및 행동장애 (F01-F99)","여자","75 - 79세",109,12.1
"정신 및 행동장애 (F01-F99)","여자","80세이상",1432,100.2
"정신 및 행동장애 (F01-F99)","여자","80 - 84세",271,35.2
"정신 및 행동장애 (F01-F99)","여자","85 - 89세",478,107.3
"정신 및 행동장애 (F01-F99)","여자","90세이상",683,318.3
"정신 및 행동장애 (F01-F99)","여자","15세 미만",0,
"정신 및 행동장애 (F01-F99)","여자","15 - 64세",123,0.7
"정신 및 행동장애 (F01-F99)","여자","65세 이상",1639,32.3
"정신 및 행동장애 (F01-F99)","여자","연령미상",0,-
"신경계통의 질환 (G00-G98)","계","계",19854,38.7
"신경계통의 질환 (G00-G98)","계","0세",7,2.8
"신경계통의 질환 (G00-G98)","계","1 - 4세",24,2.0
"신경계통의 질환 (G00-G98)","계","5 - 9세",22,1.0
"신경계통의 질환 (G00-G98)","계","10 - 14세",25,1.1
"신경계통의 질환 (G00-G98)","계","15 - 19세",31,1.3
"신경계통의 질환 (G00-G98)","계","20 - 24세",51,1.7
"신경계통의 질환 (G00-G98)","계","25 - 29세",51,1.5
"신경계통의 질환 (G00-G98)","계","30 - 34세",43,1.3
"신경계통의 질환 (G00-G98)","계","35 - 39세",52,1.5
"신경계통의 질환 (G00-G98)","계","40 - 44세",100,2.5
"신경계통의 질환 (G00-G98)","계","45 - 49세",137,3.4
"신경계통의 질환 (G00-G98)","계","50 - 54세",250,5.6
"신경계통의 질환 (G00-G98)","계","55 - 59세",361,8.9
"신경계통의 질환 (G00-G98)","계","60 - 64세",628,15.2
"신경계통의 질환 (G00-G98)","계","65 - 69세",851,27.6
"신경계통의 질환 (G00-G98)","계","70 - 74세",1242,57.8
"신경계통의 질환 (G00-G98)","계","75 - 79세",2170,135.3
"신경계통의 질환 (G00-G98)","계","80세이상",13809,636.2
"신경계통의 질환 (G00-G98)","계","80 - 84세",4002,320.7
"신경계통의 질환 (G00-G98)","계","85 - 89세",4774,737.3
"신경계통의 질환 (G00-G98)","계","90세이상",5033,1828.8
"신경계통의 질환 (G00-G98)","계","15세 미만",78,1.3
"신경계통의 질환 (G00-G98)","계","15 - 64세",1704,4.7
"신경계통의 질환 (G00-G98)","계","65세 이상",18072,200.6
"신경계통의 질환 (G00-G98)","계","연령미상",0,-
"신경계통의 질환 (G00-G98)","남자","계",7691,30.1
"신경계통의 질환 (G00-G98)","남자","0세",5,3.9
"신경계통의 질환 (G00-G98)","남자","1 - 4세",14,2.2
"신경계통의 질환 (G00-G98)","남자","5 - 9세",16,1.4
"신경계통의 질환 (G00-G98)","남자","10 - 14세",13,1.1
"신경계통의 질환 (G00-G98)","남자","15 - 19세",17,1.4
"신경계통의 질환 (G00-G98)","남자","20 - 24세",30,1.9
"신경계통의 질환 (G00-G98)","남자","25 - 29세",41,2.2
"신경계통의 질환 (G00-G98)","남자","30 - 34세",30,1.8
"신경계통의 질환 (G00-G98)","남자","35 - 39세",36,2.1
"신경계통의 질환 (G00-G98)","남자","40 - 44세",64,3.2
"신경계통의 질환 (G00-G98)","남자","45 - 49세",83,4.0
"신경계통의 질환 (G00-G98)","남자","50 - 54세",173,7.6
"신경계통의 질환 (G00-G98)","남자","55 - 59세",245,12.0
"신경계통의 질환 (G00-G98)","남자","60 - 64세",417,20.3
"신경계통의 질환 (G00-G98)","남자","65 - 69세",548,36.7
"신경계통의 질환 (G00-G98)","남자","70 - 74세",743,73.8
"신경계통의 질환 (G00-G98)","남자","75 - 79세",1140,162.8
"신경계통의 질환 (G00-G98)","남자","80세이상",4076,549.9
"신경계통의 질환 (G00-G98)","남자","80 - 84세",1694,354.0
"신경계통의 질환 (G00-G98)","남자","85 - 89세",1473,729.1
"신경계통의 질환 (G00-G98)","남자","90세이상",909,1498.6
"신경계통의 질환 (G00-G98)","남자","15세 미만",48,1.6
"신경계통의 질환 (G00-G98)","남자","15 - 64세",1136,6.1
"신경계통의 질환 (G00-G98)","남자","65세 이상",6507,165.1
"신경계통의 질환 (G00-G98)","남자","연령미상",0,-
"신경계통의 질환 (G00-G98)","여자","계",12163,47.3
"신경계통의 질환 (G00-G98)","여자","0세",2,1.6
"신경계통의 질환 (G00-G98)","여자","1 - 4세",10,1.7
"신경계통의 질환 (G00-G98)","여자","5 - 9세",6,0.6
"신경계통의 질환 (G00-G98)","여자","10 - 14세",12,1.0
"신경계통의 질환 (G00-G98)","여자","15 - 19세",14,1.2
"신경계통의 질환 (G00-G98)","여자","20 - 24세",21,1.4
"신경계통의 질환 (G00-G98)","여자","25 - 29세",10,0.6
"신경계통의 질환 (G00-G98)","여자","30 - 34세",13,0.8
"신경계통의 질환 (G00-G98)","여자","35 - 39세",16,1.0
"신경계통의 질환 (G00-G98)","여자","40 - 44세",36,1.8
"신경계통의 질환 (G00-G98)","여자","45 - 49세",54,2.7
"신경계통의 질환 (G00-G98)","여자","50 - 54세",77,3.5
"신경계통의 질환 (G00-G98)","여자","55 - 59세",116,5.8
"신경계통의 질환 (G00-G98)","여자","60 - 64세",211,10.1
"신경계통의 질환 (G00-G98)","여자","65 - 69세",303,19.0
"신경계통의 질환 (G00-G98)","여자","70 - 74세",499,43.7
"신경계통의 질환 (G00-G98)","여자","75 - 79세",1030,113.9
"신경계통의 질환 (G00-G98)","여자","80세이상",9733,681.0
"신경계통의 질환 (G00-G98)","여자","80 - 84세",2308,300.0
"신경계통의 질환 (G00-G98)","여자","85 - 89세",3301,741.0
"신경계통의 질환 (G00-G98)","여자","90세이상",4124,1922.2
"신경계통의 질환 (G00-G98)","여자","15세 미만",30,1.0
"신경계통의 질환 (G00-G98)","여자","15 - 64세",568,3.2
"신경계통의 질환 (G00-G98)","여자","65세 이상",11565,228.2
"신경계통의 질환 (G00-G98)","여자","연령미상",0,-
"눈 및 눈부속기의 질환 (H00-H57)","계","계",0,-
"눈 및 눈부속기의 질환 (H00-H57)","계","0세",0,-
"눈 및 눈부속기의 질환 (H00-H57)","계","1 - 4세",0,-
"눈 및 눈부속기의 질환 (H00-H57)","계","5 - 9세",0,-
"눈 및 눈부속기의 질환 (H00-H57)","계","10 - 14세",0,-
"눈 및 눈부속기의 질환 (H00-H57)","계","15 - 19세",0,-
"눈 및 눈부속기의 질환 (H00-H57)","계","20 - 24세",0,-
"눈 및 눈부속기의 질환 (H00-H57)","계","25 - 29세",0,-
"눈 및 눈부속기의 질환 (H00-H57)","계","30 - 34세",0,-
"눈 및 눈부속기의 질환 (H00-H57)","계","35 - 39세",0,-
"눈 및 눈부속기의 질환 (H00-H57)","계","40 - 44세",0,-
"눈 및 눈부속기의 질환 (H00-H57)","계","45 - 49세",0,-
"눈 및 눈부속기의 질환 (H00-H57)","계","50 - 54세",0,-
"눈 및 눈부속기의 질환 (H00-H57)","계","55 - 59세",0,-
"눈 및 눈부속기의 질환 (H00-H57)","계","60 - 64세",0,-
"눈 및 눈부속기의 질환 (H00-H57)","계","65 - 69세",0,-
"눈 및 눈부속기의 질환 (H00-H57)","계","70 - 74세",0,-
"눈 및 눈부속기의 질환 (H00-H57)","계","75 - 79세",0,-
"눈 및 눈부속기의 질환 (H00-H57)","계","80세이상",0,-
"눈 및 눈부속기의 질환 (H00-H57)","계","80 - 84세",0,-
"눈 및 눈부속기의 질환 (H00-H57)","계","85 - 89세",0,-
"눈 및 눈부속기의 질환 (H00-H57)","계","90세이상",0,-
"눈 및 눈부속기의 질환 (H00-H57)","계","15세 미만",0,
"눈 및 눈부속기의 질환 (H00-H57)","계","15 - 64세",0,
"눈 및 눈부속기의 질환 (H00-H57)","계","65세 이상",0,
"눈 및 눈부속기의 질환 (H00-H57)","계","연령미상",0,-
"눈 및 눈부속기의 질환 (H00-H57)","남자","계",0,-
"눈 및 눈부속기의 질환 (H00-H57)","남자","0세",0,-
"눈 및 눈부속기의 질환 (H00-H57)","남자","1 - 4세",0,-
"눈 및 눈부속기의 질환 (H00-H57)","남자","5 - 9세",0,-
"눈 및 눈부속기의 질환 (H00-H57)","남자","10 - 14세",0,-
"눈 및 눈부속기의 질환 (H00-H57)","남자","15 - 19세",0,-
"눈 및 눈부속기의 질환 (H00-H57)","남자","20 - 24세",0,-
"눈 및 눈부속기의 질환 (H00-H57)","남자","25 - 29세",0,-
"눈 및 눈부속기의 질환 (H00-H57)","남자","30 - 34세",0,-
"눈 및 눈부속기의 질환 (H00-H57)","남자","35 - 39세",0,-
"눈 및 눈부속기의 질환 (H00-H57)","남자","40 - 44세",0,-
"눈 및 눈부속기의 질환 (H00-H57)","남자","45 - 49세",0,-
"눈 및 눈부속기의 질환 (H00-H57)","남자","50 - 54세",0,-
"눈 및 눈부속기의 질환 (H00-H57)","남자","55 - 59세",0,-
"눈 및 눈부속기의 질환 (H00-H57)","남자","60 - 64세",0,-
"눈 및 눈부속기의 질환 (H00-H57)","남자","65 - 69세",0,-
"눈 및 눈부속기의 질환 (H00-H57)","남자","70 - 74세",0,-
"눈 및 눈부속기의 질환 (H00-H57)","남자","75 - 79세",0,-
"눈 및 눈부속기의 질환 (H00-H57)","남자","80세이상",0,-
"눈 및 눈부속기의 질환 (H00-H57)","남자","80 - 84세",0,-
"눈 및 눈부속기의 질환 (H00-H57)","남자","85 - 89세",0,-
"눈 및 눈부속기의 질환 (H00-H57)","남자","90세이상",0,-
"눈 및 눈부속기의 질환 (H00-H57)","남자","15세 미만",0,
"눈 및 눈부속기의 질환 (H00-H57)","남자","15 - 64세",0,
"눈 및 눈부속기의 질환 (H00-H57)","남자","65세 이상",0,
"눈 및 눈부속기의 질환 (H00-H57)","남자","연령미상",0,-
"눈 및 눈부속기의 질환 (H00-H57)","여자","계",0,-
"눈 및 눈부속기의 질환 (H00-H57)","여자","0세",0,-
"눈 및 눈부속기의 질환 (H00-H57)","여자","1 - 4세",0,-
"눈 및 눈부속기의 질환 (H00-H57)","여자","5 - 9세",0,-
"눈 및 눈부속기의 질환 (H00-H57)","여자","10 - 14세",0,-
"눈 및 눈부속기의 질환 (H00-H57)","여자","15 - 19세",0,-
"눈 및 눈부속기의 질환 (H00-H57)","여자","20 - 24세",0,-
"눈 및 눈부속기의 질환 (H00-H57)","여자","25 - 29세",0,-
"눈 및 눈부속기의 질환 (H00-H57)","여자","30 - 34세",0,-
"눈 및 눈부속기의 질환 (H00-H57)","여자","35 - 39세",0,-
"눈 및 눈부속기의 질환 (H00-H57)","여자","40 - 44세",0,-
"눈 및 눈부속기의 질환 (H00-H57)","여자","45 - 49세",0,-
"눈 및 눈부속기의 질환 (H00-H57)","여자","50 - 54세",0,-
"눈 및 눈부속기의 질환 (H00-H57)","여자","55 - 59세",0,-
"눈 및 눈부속기의 질환 (H00-H57)","여자","60 - 64세",0,-
"눈 및 눈부속기의 질환 (H00-H57)","여자","65 - 69세",0,-
"눈 및 눈부속기의 질환 (H00-H57)","여자","70 - 74세",0,-
"눈 및 눈부속기의 질환 (H00-H57)","여자","75 - 79세",0,-
"눈 및 눈부속기의 질환 (H00-H57)","여자","80세이상",0,-
"눈 및 눈부속기의 질환 (H00-H57)","여자","80 - 84세",0,-
"눈 및 눈부속기의 질환 (H00-H57)","여자","85 - 89세",0,-
"눈 및 눈부속기의 질환 (H00-H57)","여자","90세이상",0,-
"눈 및 눈부속기의 질환 (H00-H57)","여자","15세 미만",0,
"눈 및 눈부속기의 질환 (H00-H57)","여자","15 - 64세",0,
"눈 및 눈부속기의 질환 (H00-H57)","여자","65세 이상",0,
"눈 및 눈부속기의 질환 (H00-H57)","여자","연령미상",0,-
"귀 및 유돌의 질환 (H60-H93)","계","계",7,0.0
"귀 및 유돌의 질환 (H60-H93)","계","0세",0,-
"귀 및 유돌의 질환 (H60-H93)","계","1 - 4세",0,-
"귀 및 유돌의 질환 (H60-H93)","계","5 - 9세",0,-
"귀 및 유돌의 질환 (H60-H93)","계","10 - 14세",0,-
"귀 및 유돌의 질환 (H60-H93)","계","15 - 19세",0,-
"귀 및 유돌의 질환 (H60-H93)","계","20 - 24세",0,-
"귀 및 유돌의 질환 (H60-H93)","계","25 - 29세",0,-
"귀 및 유돌의 질환 (H60-H93)","계","30 - 34세",0,-
"귀 및 유돌의 질환 (H60-H93)","계","35 - 39세",0,-
"귀 및 유돌의 질환 (H60-H93)","계","40 - 44세",0,-
"귀 및 유돌의 질환 (H60-H93)","계","45 - 49세",0,-
"귀 및 유돌의 질환 (H60-H93)","계","50 - 54세",0,-
"귀 및 유돌의 질환 (H60-H93)","계","55 - 59세",0,-
"귀 및 유돌의 질환 (H60-H93)","계","60 - 64세",0,-
"귀 및 유돌의 질환 (H60-H93)","계","65 - 69세",0,-
"귀 및 유돌의 질환 (H60-H93)","계","70 - 74세",1,0.0
"귀 및 유돌의 질환 (H60-H93)","계","75 - 79세",3,0.2
"귀 및 유돌의 질환 (H60-H93)","계","80세이상",3,0.1
"귀 및 유돌의 질환 (H60-H93)","계","80 - 84세",0,-
"귀 및 유돌의 질환 (H60-H93)","계","85 - 89세",2,0.3
"귀 및 유돌의 질환 (H60-H93)","계","90세이상",1,0.4
"귀 및 유돌의 질환 (H60-H93)","계","15세 미만",0,
"귀 및 유돌의 질환 (H60-H93)","계","15 - 64세",0,
"귀 및 유돌의 질환 (H60-H93)","계","65세 이상",7,0.1
"귀 및 유돌의 질환 (H60-H93)","계","연령미상",0,-
"귀 및 유돌의 질환 (H60-H93)","남자","계",3,0.0
"귀 및 유돌의 질환 (H60-H93)","남자","0세",0,-
"귀 및 유돌의 질환 (H60-H93)","남자","1 - 4세",0,-
"귀 및 유돌의 질환 (H60-H93)","남자","5 - 9세",0,-
"귀 및 유돌의 질환 (H60-H93)","남자","10 - 14세",0,-
"귀 및 유돌의 질환 (H60-H93)","남자","15 - 19세",0,-
"귀 및 유돌의 질환 (H60-H93)","남자","20 - 24세",0,-
"귀 및 유돌의 질환 (H60-H93)","남자","25 - 29세",0,-
"귀 및 유돌의 질환 (H60-H93)","남자","30 - 34세",0,-
"귀 및 유돌의 질환 (H60-H93)","남자","35 - 39세",0,-
"귀 및 유돌의 질환 (H60-H93)","남자","40 - 44세",0,-
"귀 및 유돌의 질환 (H60-H93)","남자","45 - 49세",0,-
"귀 및 유돌의 질환 (H60-H93)","남자","50 - 54세",0,-
"귀 및 유돌의 질환 (H60-H93)","남자","55 - 59세",0,-
"귀 및 유돌의 질환 (H60-H93)","남자","60 - 64세",0,-
"귀 및 유돌의 질환 (H60-H93)","남자","65 - 69세",0,-
"귀 및 유돌의 질환 (H60-H93)","남자","70 - 74세",0,-
"귀 및 유돌의 질환 (H60-H93)","남자","75 - 79세",2,0.3
"귀 및 유돌의 질환 (H60-H93)","남자","80세이상",1,0.1
"귀 및 유돌의 질환 (H60-H93)","남자","80 - 84세",0,-
"귀 및 유돌의 질환 (H60-H93)","남자","85 - 89세",1,0.5
"귀 및 유돌의 질환 (H60-H93)","남자","90세이상",0,-
"귀 및 유돌의 질환 (H60-H93)","남자","15세 미만",0,
"귀 및 유돌의 질환 (H60-H93)","남자","15 - 64세",0,
"귀 및 유돌의 질환 (H60-H93)","남자","65세 이상",3,0.1
"귀 및 유돌의 질환 (H60-H93)","남자","연령미상",0,-
"귀 및 유돌의 질환 (H60-H93)","여자","계",4,0.0
"귀 및 유돌의 질환 (H60-H93)","여자","0세",0,-
"귀 및 유돌의 질환 (H60-H93)","여자","1 - 4세",0,-
"귀 및 유돌의 질환 (H60-H93)","여자","5 - 9세",0,-
"귀 및 유돌의 질환 (H60-H93)","여자","10 - 14세",0,-
"귀 및 유돌의 질환 (H60-H93)","여자","15 - 19세",0,-
"귀 및 유돌의 질환 (H60-H93)","여자","20 - 24세",0,-
"귀 및 유돌의 질환 (H60-H93)","여자","25 - 29세",0,-
"귀 및 유돌의 질환 (H60-H93)","여자","30 - 34세",0,-
"귀 및 유돌의 질환 (H60-H93)","여자","35 - 39세",0,-
"귀 및 유돌의 질환 (H60-H93)","여자","40 - 44세",0,-
"귀 및 유돌의 질환 (H60-H93)","여자","45 - 49세",0,-
"귀 및 유돌의 질환 (H60-H93)","여자","50 - 54세",0,-
"귀 및 유돌의 질환 (H60-H93)","여자","55 - 59세",0,-
"귀 및 유돌의 질환 (H60-H93)","여자","60 - 64세",0,-
"귀 및 유돌의 질환 (H60-H93)","여자","65 - 69세",0,-
"귀 및 유돌의 질환 (H60-H93)","여자","70 - 74세",1,0.1
"귀 및 유돌의 질환 (H60-H93)","여자","75 - 79세",1,0.1
"귀 및 유돌의 질환 (H60-H93)","여자","80세이상",2,0.1
"귀 및 유돌의 질환 (H60-H93)","여자","80 - 84세",0,-
"귀 및 유돌의 질환 (H60-H93)","여자","85 - 89세",1,0.2
"귀 및 유돌의 질환 (H60-H93)","여자","90세이상",1,0.5
"귀 및 유돌의 질환 (H60-H93)","여자","15세 미만",0,
"귀 및 유돌의 질환 (H60-H93)","여자","15 - 64세",0,
"귀 및 유돌의 질환 (H60-H93)","여자","65세 이상",4,0.1
"귀 및 유돌의 질환 (H60-H93)","여자","연령미상",0,-
"순환계통 질환 (I00-I99)","계","계",69033,134.7
"순환계통 질환 (I00-I99)","계","0세",10,4.0
"순환계통 질환 (I00-I99)","계","1 - 4세",10,0.8
"순환계통 질환 (I00-I99)","계","5 - 9세",13,0.6
"순환계통 질환 (I00-I99)","계","10 - 14세",10,0.4
"순환계통 질환 (I00-I99)","계","15 - 19세",17,0.7
"순환계통 질환 (I00-I99)","계","20 - 24세",42,1.4
"순환계통 질환 (I00-I99)","계","25 - 29세",90,2.6
"순환계통 질환 (I00-I99)","계","30 - 34세",154,4.7
"순환계통 질환 (I00-I99)","계","35 - 39세",299,8.8
"순환계통 질환 (I00-I99)","계","40 - 44세",623,15.6
"순환계통 질환 (I00-I99)","계","45 - 49세",1018,25.0
"순환계통 질환 (I00-I99)","계","50 - 54세",1619,36.0
"순환계통 질환 (I00-I99)","계","55 - 59세",2358,58.2
"순환계통 질환 (I00-I99)","계","60 - 64세",3446,83.2
"순환계통 질환 (I00-I99)","계","65 - 69세",4086,132.3
"순환계통 질환 (I00-I99)","계","70 - 74세",5242,244.0
"순환계통 질환 (I00-I99)","계","75 - 79세",8205,511.5
"순환계통 질환 (I00-I99)","계","80세이상",41787,1925.2
"순환계통 질환 (I00-I99)","계","80 - 84세",14083,1128.6
"순환계통 질환 (I00-I99)","계","85 - 89세",14924,2304.9
"순환계통 질환 (I00-I99)","계","90세이상",12780,4643.8
"순환계통 질환 (I00-I99)","계","15세 미만",43,0.7
"순환계통 질환 (I00-I99)","계","15 - 64세",9666,26.7
"순환계통 질환 (I00-I99)","계","65세 이상",59320,658.3
"순환계통 질환 (I00-I99)","계","연령미상",4,-
"순환계통 질환 (I00-I99)","남자","계",32881,128.7
"순환계통 질환 (I00-I99)","남자","0세",5,3.9
"순환계통 질환 (I00-I99)","남자","1 - 4세",4,0.6
"순환계통 질환 (I00-I99)","남자","5 - 9세",6,0.5
"순환계통 질환 (I00-I99)","남자","10 - 14세",4,0.3
"순환계통 질환 (I00-I99)","남자","15 - 19세",11,0.9
"순환계통 질환 (I00-I99)","남자","20 - 24세",21,1.3
"순환계통 질환 (I00-I99)","남자","25 - 29세",55,3.0
"순환계통 질환 (I00-I99)","남자","30 - 34세",105,6.2
"순환계통 질환 (I00-I99)","남자","35 - 39세",218,12.6
"순환계통 질환 (I00-I99)","남자","40 - 44세",471,23.2
"순환계통 질환 (I00-I99)","남자","45 - 49세",771,37.3
"순환계통 질환 (I00-I99)","남자","50 - 54세",1299,57.3
"순환계통 질환 (I00-I99)","남자","55 - 59세",1834,89.5
"순환계통 질환 (I00-I99)","남자","60 - 64세",2638,128.7
"순환계통 질환 (I00-I99)","남자","65 - 69세",2860,191.4
"순환계통 질환 (I00-I99)","남자","70 - 74세",3431,340.9
"순환계통 질환 (I00-I99)","남자","75 - 79세",4652,664.3
"순환계통 질환 (I00-I99)","남자","80세이상",14496,1955.6
"순환계통 질환 (I00-I99)","남자","80 - 84세",6529,1364.3
"순환계통 질환 (I00-I99)","남자","85 - 89세",5185,2566.6
"순환계통 질환 (I00-I99)","남자","90세이상",2782,4586.4
"순환계통 질환 (I00-I99)","남자","15세 미만",19,0.6
"순환계통 질환 (I00-I99)","남자","15 - 64세",7423,40.1
"순환계통 질환 (I00-I99)","남자","65세 이상",25439,645.3
"순환계통 질환 (I00-I99)","남자","연령미상",0,-
"순환계통 질환 (I00-I99)","여자","계",36152,140.6
"순환계통 질환 (I00-I99)","여자","0세",5,4.1
"순환계통 질환 (I00-I99)","여자","1 - 4세",6,1.0
"순환계통 질환 (I00-I99)","여자","5 - 9세",7,0.7
"순환계통 질환 (I00-I99)","여자","10 - 14세",6,0.5
"순환계통 질환 (I00-I99)","여자","15 - 19세",6,0.5
"순환계통 질환 (I00-I99)","여자","20 - 24세",21,1.4
"순환계통 질환 (I00-I99)","여자","25 - 29세",35,2.1
"순환계통 질환 (I00-I99)","여자","30 - 34세",49,3.2
"순환계통 질환 (I00-I99)","여자","35 - 39세",81,4.9
"순환계통 질환 (I00-I99)","여자","40 - 44세",152,7.8
"순환계통 질환 (I00-I99)","여자","45 - 49세",247,12.3
"순환계통 질환 (I00-I99)","여자","50 - 54세",320,14.4
"순환계통 질환 (I00-I99)","여자","55 - 59세",524,26.1
"순환계통 질환 (I00-I99)","여자","60 - 64세",808,38.6
"순환계통 질환 (I00-I99)","여자","65 - 69세",1226,77.0
"순환계통 질환 (I00-I99)","여자","70 - 74세",1811,158.6
"순환계통 질환 (I00-I99)","여자","75 - 79세",3553,393.0
"순환계통 질환 (I00-I99)","여자","80세이상",27291,1909.4
"순환계통 질환 (I00-I99)","여자","80 - 84세",7554,982.0
"순환계통 질환 (I00-I99)","여자","85 - 89세",9739,2186.2
"순환계통 질환 (I00-I99)","여자","90세이상",9998,4660.0
"순환계통 질환 (I00-I99)","여자","15세 미만",24,0.8
"순환계통 질환 (I00-I99)","여자","15 - 64세",2243,12.7
"순환계통 질환 (I00-I99)","여자","65세 이상",33881,668.5
"순환계통 질환 (I00-I99)","여자","연령미상",4,-
"호흡계통의 질환 (J00-J98,U04)","계","계",41919,81.8
"호흡계통의 질환 (J00-J98,U04)","계","0세",10,4.0
"호흡계통의 질환 (J00-J98,U04)","계","1 - 4세",10,0.8
"호흡계통의 질환 (J00-J98,U04)","계","5 - 9세",5,0.2
"호흡계통의 질환 (J00-J98,U04)","계","10 - 14세",2,0.1
"호흡계통의 질환 (J00-J98,U04)","계","15 - 19세",9,0.4
"호흡계통의 질환 (J00-J98,U04)","계","20 - 24세",17,0.6
"호흡계통의 질환 (J00-J98,U04)","계","25 - 29세",26,0.7
"호흡계통의 질환 (J00-J98,U04)","계","30 - 34세",21,0.6
"호흡계통의 질환 (J00-J98,U04)","계","35 - 39세",54,1.6
"호흡계통의 질환 (J00-J98,U04)","계","40 - 44세",84,2.1
"호흡계통의 질환 (J00-J98,U04)","계","45 - 49세",162,4.0
"호흡계통의 질환 (J00-J98,U04)","계","50 - 54세",346,7.7
"호흡계통의 질환 (J00-J98,U04)","계","55 - 59세",634,15.6
"호흡계통의 질환 (J00-J98,U04)","계","60 - 64세",1232,29.7
"호흡계통의 질환 (J00-J98,U04)","계","65 - 69세",1880,60.9
"호흡계통의 질환 (J00-J98,U04)","계","70 - 74세",3116,145.0
"호흡계통의 질환 (J00-J98,U04)","계","75 - 79세",5436,338.8
"호흡계통의 질환 (J00-J98,U04)","계","80세이상",28873,1330.2
"호흡계통의 질환 (J00-J98,U04)","계","80 - 84세",9494,760.9
"호흡계통의 질환 (J00-J98,U04)","계","85 - 89세",10243,1582.0
"호흡계통의 질환 (J00-J98,U04)","계","90세이상",9136,3319.7
"호흡계통의 질환 (J00-J98,U04)","계","15세 미만",27,0.4
"호흡계통의 질환 (J00-J98,U04)","계","15 - 64세",2585,7.1
"호흡계통의 질환 (J00-J98,U04)","계","65세 이상",39305,436.2
"호흡계통의 질환 (J00-J98,U04)","계","연령미상",2,-
"호흡계통의 질환 (J00-J98,U04)","남자","계",23662,92.6
"호흡계통의 질환 (J00-J98,U04)","남자","0세",7,5.5
"호흡계통의 질환 (J00-J98,U04)","남자","1 - 4세",4,0.6
"호흡계통의 질환 (J00-J98,U04)","남자","5 - 9세",1,0.1
"호흡계통의 질환 (J00-J98,U04)","남자","10 - 14세",2,0.2
"호흡계통의 질환 (J00-J98,U04)","남자","15 - 19세",5,0.4
"호흡계통의 질환 (J00-J98,U04)","남자","20 - 24세",10,0.6
"호흡계통의 질환 (J00-J98,U04)","남자","25 - 29세",18,1.0
"호흡계통의 질환 (J00-J98,U04)","남자","30 - 34세",15,0.9
"호흡계통의 질환 (J00-J98,U04)","남자","35 - 39세",34,2.0
"호흡계통의 질환 (J00-J98,U04)","남자","40 - 44세",55,2.7
"호흡계통의 질환 (J00-J98,U04)","남자","45 - 49세",106,5.1
"호흡계통의 질환 (J00-J98,U04)","남자","50 - 54세",251,11.1
"호흡계통의 질환 (J00-J98,U04)","남자","55 - 59세",477,23.3
"호흡계통의 질환 (J00-J98,U04)","남자","60 - 64세",966,47.1
"호흡계통의 질환 (J00-J98,U04)","남자","65 - 69세",1446,96.8
"호흡계통의 질환 (J00-J98,U04)","남자","70 - 74세",2347,233.2
"호흡계통의 질환 (J00-J98,U04)","남자","75 - 79세",3731,532.8
"호흡계통의 질환 (J00-J98,U04)","남자","80세이상",14187,1914.0
"호흡계통의 질환 (J00-J98,U04)","남자","80 - 84세",5870,1226.6
"호흡계통의 질환 (J00-J98,U04)","남자","85 - 89세",5148,2548.3
"호흡계통의 질환 (J00-J98,U04)","남자","90세이상",3169,5224.5
"호흡계통의 질환 (J00-J98,U04)","남자","15세 미만",14,0.5
"호흡계통의 질환 (J00-J98,U04)","남자","15 - 64세",1937,10.5
"호흡계통의 질환 (J00-J98,U04)","남자","65세 이상",21711,550.7
"호흡계통의 질환 (J00-J98,U04)","남자","연령미상",0,-
"호흡계통의 질환 (J00-J98,U04)","여자","계",18257,71.0
"호흡계통의 질환 (J00-J98,U04)","여자","0세",3,2.5
"호흡계통의 질환 (J00-J98,U04)","여자","1 - 4세",6,1.0
"호흡계통의 질환 (J00-J98,U04)","여자","5 - 9세",4,0.4
"호흡계통의 질환 (J00-J98,U04)","여자","10 - 14세",0,-
"호흡계통의 질환 (J00-J98,U04)","여자","15 - 19세",4,0.4
"호흡계통의 질환 (J00-J98,U04)","여자","20 - 24세",7,0.5
"호흡계통의 질환 (J00-J98,U04)","여자","25 - 29세",8,0.5
"호흡계통의 질환 (J00-J98,U04)","여자","30 - 34세",6,0.4
"호흡계통의 질환 (J00-J98,U04)","여자","35 - 39세",20,1.2
"호흡계통의 질환 (J00-J98,U04)","여자","40 - 44세",29,1.5
"호흡계통의 질환 (J00-J98,U04)","여자","45 - 49세",56,2.8
"호흡계통의 질환 (J00-J98,U04)","여자","50 - 54세",95,4.3
"호흡계통의 질환 (J00-J98,U04)","여자","55 - 59세",157,7.8
"호흡계통의 질환 (J00-J98,U04)","여자","60 - 64세",266,12.7
"호흡계통의 질환 (J00-J98,U04)","여자","65 - 69세",434,27.2
"호흡계통의 질환 (J00-J98,U04)","여자","70 - 74세",769,67.3
"호흡계통의 질환 (J00-J98,U04)","여자","75 - 79세",1705,188.6
"호흡계통의 질환 (J00-J98,U04)","여자","80세이상",14686,1027.5
"호흡계통의 질환 (J00-J98,U04)","여자","80 - 84세",3624,471.1
"호흡계통의 질환 (J00-J98,U04)","여자","85 - 89세",5095,1143.7
"호흡계통의 질환 (J00-J98,U04)","여자","90세이상",5967,2781.2
"호흡계통의 질환 (J00-J98,U04)","여자","15세 미만",13,0.4
"호흡계통의 질환 (J00-J98,U04)","여자","15 - 64세",648,3.7
"호흡계통의 질환 (J00-J98,U04)","여자","65세 이상",17594,347.1
"호흡계통의 질환 (J00-J98,U04)","여자","연령미상",2,-
"소화계통의 질환 (K00-K92)","계","계",14123,27.6
"소화계통의 질환 (K00-K92)","계","0세",3,1.2
"소화계통의 질환 (K00-K92)","계","1 - 4세",3,0.2
"소화계통의 질환 (K00-K92)","계","5 - 9세",2,0.1
"소화계통의 질환 (K00-K92)","계","10 - 14세",2,0.1
"소화계통의 질환 (K00-K92)","계","15 - 19세",5,0.2
"소화계통의 질환 (K00-K92)","계","20 - 24세",9,0.3
"소화계통의 질환 (K00-K92)","계","25 - 29세",38,1.1
"소화계통의 질환 (K00-K92)","계","30 - 34세",90,2.8
"소화계통의 질환 (K00-K92)","계","35 - 39세",186,5.5
"소화계통의 질환 (K00-K92)","계","40 - 44세",437,11.0
"소화계통의 질환 (K00-K92)","계","45 - 49세",713,17.5
"소화계통의 질환 (K00-K92)","계","50 - 54세",1095,24.4
"소화계통의 질환 (K00-K92)","계","55 - 59세",1258,31.0
"소화계통의 질환 (K00-K92)","계","60 - 64세",1424,34.4
"소화계통의 질환 (K00-K92)","계","65 - 69세",1229,39.8
"소화계통의 질환 (K00-K92)","계","70 - 74세",1125,52.4
"소화계통의 질환 (K00-K92)","계","75 - 79세",1413,88.1
"소화계통의 질환 (K00-K92)","계","80세이상",5091,234.6
"소화계통의 질환 (K00-K92)","계","80 - 84세",1984,159.0
"소화계통의 질환 (K00-K92)","계","85 - 89세",1818,280.8
"소화계통의 질환 (K00-K92)","계","90세이상",1289,468.4
"소화계통의 질환 (K00-K92)","계","15세 미만",10,0.2
"소화계통의 질환 (K00-K92)","계","15 - 64세",5255,14.5
"소화계통의 질환 (K00-K92)","계","65세 이상",8858,98.3
"소화계통의 질환 (K00-K92)","계","연령미상",0,-
"소화계통의 질환 (K00-K92)","남자","계",8522,33.4
"소화계통의 질환 (K00-K92)","남자","0세",3,2.4
"소화계통의 질환 (K00-K92)","남자","1 - 4세",2,0.3
"소화계통의 질환 (K00-K92)","남자","5 - 9세",2,0.2
"소화계통의 질환 (K00-K92)","남자","10 - 14세",2,0.2
"소화계통의 질환 (K00-K92)","남자","15 - 19세",3,0.2
"소화계통의 질환 (K00-K92)","남자","20 - 24세",7,0.4
"소화계통의 질환 (K00-K92)","남자","25 - 29세",22,1.2
"소화계통의 질환 (K00-K92)","남자","30 - 34세",57,3.4
"소화계통의 질환 (K00-K92)","남자","35 - 39세",118,6.8
"소화계통의 질환 (K00-K92)","남자","40 - 44세",318,15.7
"소화계통의 질환 (K00-K92)","남자","45 - 49세",529,25.6
"소화계통의 질환 (K00-K92)","남자","50 - 54세",890,39.3
"소화계통의 질환 (K00-K92)","남자","55 - 59세",1067,52.1
"소화계통의 질환 (K00-K92)","남자","60 - 64세",1172,57.2
"소화계통의 질환 (K00-K92)","남자","65 - 69세",945,63.2
"소화계통의 질환 (K00-K92)","남자","70 - 74세",771,76.6
"소화계통의 질환 (K00-K92)","남자","75 - 79세",792,113.1
"소화계통의 질환 (K00-K92)","남자","80세이상",1822,245.8
"소화계통의 질환 (K00-K92)","남자","80 - 84세",886,185.1
"소화계통의 질환 (K00-K92)","남자","85 - 89세",632,312.8
"소화계통의 질환 (K00-K92)","남자","90세이상",304,501.2
"소화계통의 질환 (K00-K92)","남자","15세 미만",9,0.3
"소화계통의 질환 (K00-K92)","남자","15 - 64세",4183,22.6
"소화계통의 질환 (K00-K92)","남자","65세 이상",4330,109.8
"소화계통의 질환 (K00-K92)","남자","연령미상",0,-
"소화계통의 질환 (K00-K92)","여자","계",5601,21.8
"소화계통의 질환 (K00-K92)","여자","0세",0,-
"소화계통의 질환 (K00-K92)","여자","1 - 4세",1,0.2
"소화계통의 질환 (K00-K92)","여자","5 - 9세",0,-
"소화계통의 질환 (K00-K92)","여자","10 - 14세",0,-
"소화계통의 질환 (K00-K92)","여자","15 - 19세",2,0.2
"소화계통의 질환 (K00-K92)","여자","20 - 24세",2,0.1
"소화계통의 질환 (K00-K92)","여자","25 - 29세",16,1.0
"소화계통의 질환 (K00-K92)","여자","30 - 34세",33,2.1
"소화계통의 질환 (K00-K92)","여자","35 - 39세",68,4.1
"소화계통의 질환 (K00-K92)","여자","40 - 44세",119,6.1
"소화계통의 질환 (K00-K92)","여자","45 - 49세",184,9.1
"소화계통의 질환 (K00-K92)","여자","50 - 54세",205,9.2
"소화계통의 질환 (K00-K92)","여자","55 - 59세",191,9.5
"소화계통의 질환 (K00-K92)","여자","60 - 64세",252,12.0
"소화계통의 질환 (K00-K92)","여자","65 - 69세",284,17.8
"소화계통의 질환 (K00-K92)","여자","70 - 74세",354,31.0
"소화계통의 질환 (K00-K92)","여자","75 - 79세",621,68.7
"소화계통의 질환 (K00-K92)","여자","80세이상",3269,228.7
"소화계통의 질환 (K00-K92)","여자","80 - 84세",1098,142.7
"소화계통의 질환 (K00-K92)","여자","85 - 89세",1186,266.2
"소화계통의 질환 (K00-K92)","여자","90세이상",985,459.1
"소화계통의 질환 (K00-K92)","여자","15세 미만",1,0.0
"소화계통의 질환 (K00-K92)","여자","15 - 64세",1072,6.0
"소화계통의 질환 (K00-K92)","여자","65세 이상",4528,89.3
"소화계통의 질환 (K00-K92)","여자","연령미상",0,-
"피부 및 피하조직의 질환 (L00-L98)","계","계",545,1.1
"피부 및 피하조직의 질환 (L00-L98)","계","0세",0,-
"피부 및 피하조직의 질환 (L00-L98)","계","1 - 4세",0,-
"피부 및 피하조직의 질환 (L00-L98)","계","5 - 9세",0,-
"피부 및 피하조직의 질환 (L00-L98)","계","10 - 14세",0,-
"피부 및 피하조직의 질환 (L00-L98)","계","15 - 19세",0,-
"피부 및 피하조직의 질환 (L00-L98)","계","20 - 24세",0,-
"피부 및 피하조직의 질환 (L00-L98)","계","25 - 29세",0,-
"피부 및 피하조직의 질환 (L00-L98)","계","30 - 34세",0,-
"피부 및 피하조직의 질환 (L00-L98)","계","35 - 39세",2,0.1
"피부 및 피하조직의 질환 (L00-L98)","계","40 - 44세",0,-
"피부 및 피하조직의 질환 (L00-L98)","계","45 - 49세",7,0.2
"피부 및 피하조직의 질환 (L00-L98)","계","50 - 54세",8,0.2
"피부 및 피하조직의 질환 (L00-L98)","계","55 - 59세",14,0.3
"피부 및 피하조직의 질환 (L00-L98)","계","60 - 64세",23,0.6
"피부 및 피하조직의 질환 (L00-L98)","계","65 - 69세",18,0.6
"피부 및 피하조직의 질환 (L00-L98)","계","70 - 74세",42,2.0
"피부 및 피하조직의 질환 (L00-L98)","계","75 - 79세",73,4.6
"피부 및 피하조직의 질환 (L00-L98)","계","80세이상",358,16.5
"피부 및 피하조직의 질환 (L00-L98)","계","80 - 84세",136,10.9
"피부 및 피하조직의 질환 (L00-L98)","계","85 - 89세",104,16.1
"피부 및 피하조직의 질환 (L00-L98)","계","90세이상",118,42.9
"피부 및 피하조직의 질환 (L00-L98)","계","15세 미만",0,
"피부 및 피하조직의 질환 (L00-L98)","계","15 - 64세",54,0.1
"피부 및 피하조직의 질환 (L00-L98)","계","65세 이상",491,5.4
"피부 및 피하조직의 질환 (L00-L98)","계","연령미상",0,-
"피부 및 피하조직의 질환 (L00-L98)","남자","계",194,0.8
"피부 및 피하조직의 질환 (L00-L98)","남자","0세",0,-
"피부 및 피하조직의 질환 (L00-L98)","남자","1 - 4세",0,-
"피부 및 피하조직의 질환 (L00-L98)","남자","5 - 9세",0,-
"피부 및 피하조직의 질환 (L00-L98)","남자","10 - 14세",0,-
"피부 및 피하조직의 질환 (L00-L98)","남자","15 - 19세",0,-
"피부 및 피하조직의 질환 (L00-L98)","남자","20 - 24세",0,-
"피부 및 피하조직의 질환 (L00-L98)","남자","25 - 29세",0,-
"피부 및 피하조직의 질환 (L00-L98)","남자","30 - 34세",0,-
"피부 및 피하조직의 질환 (L00-L98)","남자","35 - 39세",2,0.1
"피부 및 피하조직의 질환 (L00-L98)","남자","40 - 44세",0,-
"피부 및 피하조직의 질환 (L00-L98)","남자","45 - 49세",4,0.2
"피부 및 피하조직의 질환 (L00-L98)","남자","50 - 54세",7,0.3
"피부 및 피하조직의 질환 (L00-L98)","남자","55 - 59세",9,0.4
"피부 및 피하조직의 질환 (L00-L98)","남자","60 - 64세",17,0.8
"피부 및 피하조직의 질환 (L00-L98)","남자","65 - 69세",9,0.6
"피부 및 피하조직의 질환 (L00-L98)","남자","70 - 74세",25,2.5
"피부 및 피하조직의 질환 (L00-L98)","남자","75 - 79세",34,4.9
"피부 및 피하조직의 질환 (L00-L98)","남자","80세이상",87,11.7
"피부 및 피하조직의 질환 (L00-L98)","남자","80 - 84세",41,8.6
"피부 및 피하조직의 질환 (L00-L98)","남자","85 - 89세",24,11.9
"피부 및 피하조직의 질환 (L00-L98)","남자","90세이상",22,36.3
"피부 및 피하조직의 질환 (L00-L98)","남자","15세 미만",0,
"피부 및 피하조직의 질환 (L00-L98)","남자","15 - 64세",39,0.2
"피부 및 피하조직의 질환 (L00-L98)","남자","65세 이상",155,3.9
"피부 및 피하조직의 질환 (L00-L98)","남자","연령미상",0,-
"피부 및 피하조직의 질환 (L00-L98)","여자","계",351,1.4
"피부 및 피하조직의 질환 (L00-L98)","여자","0세",0,-
"피부 및 피하조직의 질환 (L00-L98)","여자","1 - 4세",0,-
"피부 및 피하조직의 질환 (L00-L98)","여자","5 - 9세",0,-
"피부 및 피하조직의 질환 (L00-L98)","여자","10 - 14세",0,-
"피부 및 피하조직의 질환 (L00-L98)","여자","15 - 19세",0,-
"피부 및 피하조직의 질환 (L00-L98)","여자","20 - 24세",0,-
"피부 및 피하조직의 질환 (L00-L98)","여자","25 - 29세",0,-
"피부 및 피하조직의 질환 (L00-L98)","여자","30 - 34세",0,-
"피부 및 피하조직의 질환 (L00-L98)","여자","35 - 39세",0,-
"피부 및 피하조직의 질환 (L00-L98)","여자","40 - 44세",0,-
"피부 및 피하조직의 질환 (L00-L98)","여자","45 - 49세",3,0.1
"피부 및 피하조직의 질환 (L00-L98)","여자","50 - 54세",1,0.0
"피부 및 피하조직의 질환 (L00-L98)","여자","55 - 59세",5,0.2
"피부 및 피하조직의 질환 (L00-L98)","여자","60 - 64세",6,0.3
"피부 및 피하조직의 질환 (L00-L98)","여자","65 - 69세",9,0.6
"피부 및 피하조직의 질환 (L00-L98)","여자","70 - 74세",17,1.5
"피부 및 피하조직의 질환 (L00-L98)","여자","75 - 79세",39,4.3
"피부 및 피하조직의 질환 (L00-L98)","여자","80세이상",271,19.0
"피부 및 피하조직의 질환 (L00-L98)","여자","80 - 84세",95,12.3
"피부 및 피하조직의 질환 (L00-L98)","여자","85 - 89세",80,18.0
"피부 및 피하조직의 질환 (L00-L98)","여자","90세이상",96,44.7
"피부 및 피하조직의 질환 (L00-L98)","여자","15세 미만",0,
"피부 및 피하조직의 질환 (L00-L98)","여자","15 - 64세",15,0.1
"피부 및 피하조직의 질환 (L00-L98)","여자","65세 이상",336,6.6
"피부 및 피하조직의 질환 (L00-L98)","여자","연령미상",0,-
"근골격계통 및 결합 조직의 질환 (M00-M99)","계","계",1594,3.1
"근골격계통 및 결합 조직의 질환 (M00-M99)","계","0세",0,-
"근골격계통 및 결합 조직의 질환 (M00-M99)","계","1 - 4세",0,-
"근골격계통 및 결합 조직의 질환 (M00-M99)","계","5 - 9세",1,0.0
"근골격계통 및 결합 조직의 질환 (M00-M99)","계","10 - 14세",2,0.1
"근골격계통 및 결합 조직의 질환 (M00-M99)","계","15 - 19세",0,-
"근골격계통 및 결합 조직의 질환 (M00-M99)","계","20 - 24세",4,0.1
"근골격계통 및 결합 조직의 질환 (M00-M99)","계","25 - 29세",10,0.3
"근골격계통 및 결합 조직의 질환 (M00-M99)","계","30 - 34세",8,0.2
"근골격계통 및 결합 조직의 질환 (M00-M99)","계","35 - 39세",14,0.4
"근골격계통 및 결합 조직의 질환 (M00-M99)","계","40 - 44세",12,0.3
"근골격계통 및 결합 조직의 질환 (M00-M99)","계","45 - 49세",22,0.5
"근골격계통 및 결합 조직의 질환 (M00-M99)","계","50 - 54세",36,0.8
"근골격계통 및 결합 조직의 질환 (M00-M99)","계","55 - 59세",63,1.6
"근골격계통 및 결합 조직의 질환 (M00-M99)","계","60 - 64세",82,2.0
"근골격계통 및 결합 조직의 질환 (M00-M99)","계","65 - 69세",103,3.3
"근골격계통 및 결합 조직의 질환 (M00-M99)","계","70 - 74세",135,6.3
"근골격계통 및 결합 조직의 질환 (M00-M99)","계","75 - 79세",209,13.0
"근골격계통 및 결합 조직의 질환 (M00-M99)","계","80세이상",892,41.1
"근골격계통 및 결합 조직의 질환 (M00-M99)","계","80 - 84세",306,24.5
"근골격계통 및 결합 조직의 질환 (M00-M99)","계","85 - 89세",327,50.5
"근골격계통 및 결합 조직의 질환 (M00-M99)","계","90세이상",259,94.1
"근골격계통 및 결합 조직의 질환 (M00-M99)","계","15세 미만",3,0.0
"근골격계통 및 결합 조직의 질환 (M00-M99)","계","15 - 64세",251,0.7
"근골격계통 및 결합 조직의 질환 (M00-M99)","계","65세 이상",1339,14.9
"근골격계통 및 결합 조직의 질환 (M00-M99)","계","연령미상",1,-
"근골격계통 및 결합 조직의 질환 (M00-M99)","남자","계",598,2.3
"근골격계통 및 결합 조직의 질환 (M00-M99)","남자","0세",0,-
"근골격계통 및 결합 조직의 질환 (M00-M99)","남자","1 - 4세",0,-
"근골격계통 및 결합 조직의 질환 (M00-M99)","남자","5 - 9세",0,-
"근골격계통 및 결합 조직의 질환 (M00-M99)","남자","10 - 14세",1,0.1
"근골격계통 및 결합 조직의 질환 (M00-M99)","남자","15 - 19세",0,-
"근골격계통 및 결합 조직의 질환 (M00-M99)","남자","20 - 24세",0,-
"근골격계통 및 결합 조직의 질환 (M00-M99)","남자","25 - 29세",5,0.3
"근골격계통 및 결합 조직의 질환 (M00-M99)","남자","30 - 34세",5,0.3
"근골격계통 및 결합 조직의 질환 (M00-M99)","남자","35 - 39세",6,0.3
"근골격계통 및 결합 조직의 질환 (M00-M99)","남자","40 - 44세",3,0.1
"근골격계통 및 결합 조직의 질환 (M00-M99)","남자","45 - 49세",11,0.5
"근골격계통 및 결합 조직의 질환 (M00-M99)","남자","50 - 54세",18,0.8
"근골격계통 및 결합 조직의 질환 (M00-M99)","남자","55 - 59세",38,1.9
"근골격계통 및 결합 조직의 질환 (M00-M99)","남자","60 - 64세",42,2.0
"근골격계통 및 결합 조직의 질환 (M00-M99)","남자","65 - 69세",62,4.1
"근골격계통 및 결합 조직의 질환 (M00-M99)","남자","70 - 74세",64,6.4
"근골격계통 및 결합 조직의 질환 (M00-M99)","남자","75 - 79세",98,14.0
"근골격계통 및 결합 조직의 질환 (M00-M99)","남자","80세이상",245,33.1
"근골격계통 및 결합 조직의 질환 (M00-M99)","남자","80 - 84세",113,23.6
"근골격계통 및 결합 조직의 질환 (M00-M99)","남자","85 - 89세",82,40.6
"근골격계통 및 결합 조직의 질환 (M00-M99)","남자","90세이상",50,82.4
"근골격계통 및 결합 조직의 질환 (M00-M99)","남자","15세 미만",1,0.0
"근골격계통 및 결합 조직의 질환 (M00-M99)","남자","15 - 64세",128,0.7
"근골격계통 및 결합 조직의 질환 (M00-M99)","남자","65세 이상",469,11.9
"근골격계통 및 결합 조직의 질환 (M00-M99)","남자","연령미상",0,-
"근골격계통 및 결합 조직의 질환 (M00-M99)","여자","계",996,3.9
"근골격계통 및 결합 조직의 질환 (M00-M99)","여자","0세",0,-
"근골격계통 및 결합 조직의 질환 (M00-M99)","여자","1 - 4세",0,-
"근골격계통 및 결합 조직의 질환 (M00-M99)","여자","5 - 9세",1,0.1
"근골격계통 및 결합 조직의 질환 (M00-M99)","여자","10 - 14세",1,0.1
"근골격계통 및 결합 조직의 질환 (M00-M99)","여자","15 - 19세",0,-
"근골격계통 및 결합 조직의 질환 (M00-M99)","여자","20 - 24세",4,0.3
"근골격계통 및 결합 조직의 질환 (M00-M99)","여자","25 - 29세",5,0.3
"근골격계통 및 결합 조직의 질환 (M00-M99)","여자","30 - 34세",3,0.2
"근골격계통 및 결합 조직의 질환 (M00-M99)","여자","35 - 39세",8,0.5
"근골격계통 및 결합 조직의 질환 (M00-M99)","여자","40 - 44세",9,0.5
"근골격계통 및 결합 조직의 질환 (M00-M99)","여자","45 - 49세",11,0.5
"근골격계통 및 결합 조직의 질환 (M00-M99)","여자","50 - 54세",18,0.8
"근골격계통 및 결합 조직의 질환 (M00-M99)","여자","55 - 59세",25,1.2
"근골격계통 및 결합 조직의 질환 (M00-M99)","여자","60 - 64세",40,1.9
"근골격계통 및 결합 조직의 질환 (M00-M99)","여자","65 - 69세",41,2.6
"근골격계통 및 결합 조직의 질환 (M00-M99)","여자","70 - 74세",71,6.2
"근골격계통 및 결합 조직의 질환 (M00-M99)","여자","75 - 79세",111,12.3
"근골격계통 및 결합 조직의 질환 (M00-M99)","여자","80세이상",647,45.3
"근골격계통 및 결합 조직의 질환 (M00-M99)","여자","80 - 84세",193,25.1
"근골격계통 및 결합 조직의 질환 (M00-M99)","여자","85 - 89세",245,55.0
"근골격계통 및 결합 조직의 질환 (M00-M99)","여자","90세이상",209,97.4
"근골격계통 및 결합 조직의 질환 (M00-M99)","여자","15세 미만",2,0.1
"근골격계통 및 결합 조직의 질환 (M00-M99)","여자","15 - 64세",123,0.7
"근골격계통 및 결합 조직의 질환 (M00-M99)","여자","65세 이상",870,17.2
"근골격계통 및 결합 조직의 질환 (M00-M99)","여자","연령미상",1,-
"비뇨생식계통의 질환 (N00-N98)","계","계",10231,20.0
"비뇨생식계통의 질환 (N00-N98)","계","0세",0,-
"비뇨생식계통의 질환 (N00-N98)","계","1 - 4세",2,0.2
"비뇨생식계통의 질환 (N00-N98)","계","5 - 9세",0,-
"비뇨생식계통의 질환 (N00-N98)","계","10 - 14세",0,-
"비뇨생식계통의 질환 (N00-N98)","계","15 - 19세",2,0.1
"비뇨생식계통의 질환 (N00-N98)","계","20 - 24세",1,0.0
"비뇨생식계통의 질환 (N00-N98)","계","25 - 29세",7,0.2
"비뇨생식계통의 질환 (N00-N98)","계","30 - 34세",18,0.6
"비뇨생식계통의 질환 (N00-N98)","계","35 - 39세",10,0.3
"비뇨생식계통의 질환 (N00-N98)","계","40 - 44세",53,1.3
"비뇨생식계통의 질환 (N00-N98)","계","45 - 49세",84,2.1
"비뇨생식계통의 질환 (N00-N98)","계","50 - 54세",133,3.0
"비뇨생식계통의 질환 (N00-N98)","계","55 - 59세",231,5.7
"비뇨생식계통의 질환 (N00-N98)","계","60 - 64세",423,10.2
"비뇨생식계통의 질환 (N00-N98)","계","65 - 69세",574,18.6
"비뇨생식계통의 질환 (N00-N98)","계","70 - 74세",880,41.0
"비뇨생식계통의 질환 (N00-N98)","계","75 - 79세",1356,84.5
"비뇨생식계통의 질환 (N00-N98)","계","80세이상",6457,297.5
"비뇨생식계통의 질환 (N00-N98)","계","80 - 84세",2277,182.5
"비뇨생식계통의 질환 (N00-N98)","계","85 - 89세",2400,370.7
"비뇨생식계통의 질환 (N00-N98)","계","90세이상",1780,646.8
"비뇨생식계통의 질환 (N00-N98)","계","15세 미만",2,0.0
"비뇨생식계통의 질환 (N00-N98)","계","15 - 64세",962,2.7
"비뇨생식계통의 질환 (N00-N98)","계","65세 이상",9267,102.8
"비뇨생식계통의 질환 (N00-N98)","계","연령미상",0,-
"비뇨생식계통의 질환 (N00-N98)","남자","계",4418,17.3
"비뇨생식계통의 질환 (N00-N98)","남자","0세",0,-
"비뇨생식계통의 질환 (N00-N98)","남자","1 - 4세",2,0.3
"비뇨생식계통의 질환 (N00-N98)","남자","5 - 9세",0,-
"비뇨생식계통의 질환 (N00-N98)","남자","10 - 14세",0,-
"비뇨생식계통의 질환 (N00-N98)","남자","15 - 19세",0,-
"비뇨생식계통의 질환 (N00-N98)","남자","20 - 24세",0,-
"비뇨생식계통의 질환 (N00-N98)","남자","25 - 29세",5,0.3
"비뇨생식계통의 질환 (N00-N98)","남자","30 - 34세",10,0.6
"비뇨생식계통의 질환 (N00-N98)","남자","35 - 39세",8,0.5
"비뇨생식계통의 질환 (N00-N98)","남자","40 - 44세",27,1.3
"비뇨생식계통의 질환 (N00-N98)","남자","45 - 49세",47,2.3
"비뇨생식계통의 질환 (N00-N98)","남자","50 - 54세",88,3.9
"비뇨생식계통의 질환 (N00-N98)","남자","55 - 59세",151,7.4
"비뇨생식계통의 질환 (N00-N98)","남자","60 - 64세",277,13.5
"비뇨생식계통의 질환 (N00-N98)","남자","65 - 69세",347,23.2
"비뇨생식계통의 질환 (N00-N98)","남자","70 - 74세",496,49.3
"비뇨생식계통의 질환 (N00-N98)","남자","75 - 79세",676,96.5
"비뇨생식계통의 질환 (N00-N98)","남자","80세이상",2284,308.1
"비뇨생식계통의 질환 (N00-N98)","남자","80 - 84세",969,202.5
"비뇨생식계통의 질환 (N00-N98)","남자","85 - 89세",864,427.7
"비뇨생식계통의 질환 (N00-N98)","남자","90세이상",451,743.5
"비뇨생식계통의 질환 (N00-N98)","남자","15세 미만",2,0.1
"비뇨생식계통의 질환 (N00-N98)","남자","15 - 64세",613,3.3
"비뇨생식계통의 질환 (N00-N98)","남자","65세 이상",3803,96.5
"비뇨생식계통의 질환 (N00-N98)","남자","연령미상",0,-
"비뇨생식계통의 질환 (N00-N98)","여자","계",5813,22.6
"비뇨생식계통의 질환 (N00-N98)","여자","0세",0,-
"비뇨생식계통의 질환 (N00-N98)","여자","1 - 4세",0,-
"비뇨생식계통의 질환 (N00-N98)","여자","5 - 9세",0,-
"비뇨생식계통의 질환 (N00-N98)","여자","10 - 14세",0,-
"비뇨생식계통의 질환 (N00-N98)","여자","15 - 19세",2,0.2
"비뇨생식계통의 질환 (N00-N98)","여자","20 - 24세",1,0.1
"비뇨생식계통의 질환 (N00-N98)","여자","25 - 29세",2,0.1
"비뇨생식계통의 질환 (N00-N98)","여자","30 - 34세",8,0.5
"비뇨생식계통의 질환 (N00-N98)","여자","35 - 39세",2,0.1
"비뇨생식계통의 질환 (N00-N98)","여자","40 - 44세",26,1.3
"비뇨생식계통의 질환 (N00-N98)","여자","45 - 49세",37,1.8
"비뇨생식계통의 질환 (N00-N98)","여자","50 - 54세",45,2.0
"비뇨생식계통의 질환 (N00-N98)","여자","55 - 59세",80,4.0
"비뇨생식계통의 질환 (N00-N98)","여자","60 - 64세",146,7.0
"비뇨생식계통의 질환 (N00-N98)","여자","65 - 69세",227,14.2
"비뇨생식계통의 질환 (N00-N98)","여자","70 - 74세",384,33.6
"비뇨생식계통의 질환 (N00-N98)","여자","75 - 79세",680,75.2
"비뇨생식계통의 질환 (N00-N98)","여자","80세이상",4173,292.0
"비뇨생식계통의 질환 (N00-N98)","여자","80 - 84세",1308,170.0
"비뇨생식계통의 질환 (N00-N98)","여자","85 - 89세",1536,344.8
"비뇨생식계통의 질환 (N00-N98)","여자","90세이상",1329,619.4
"비뇨생식계통의 질환 (N00-N98)","여자","15세 미만",0,
"비뇨생식계통의 질환 (N00-N98)","여자","15 - 64세",349,2.0
"비뇨생식계통의 질환 (N00-N98)","여자","65세 이상",5464,107.8
"비뇨생식계통의 질환 (N00-N98)","여자","연령미상",0,-
"임신, 출산 및 산후기 (O00-O99)","계","계",25,0.0
"임신, 출산 및 산후기 (O00-O99)","계","0세",0,-
"임신, 출산 및 산후기 (O00-O99)","계","1 - 4세",0,-
"임신, 출산 및 산후기 (O00-O99)","계","5 - 9세",0,-
"임신, 출산 및 산후기 (O00-O99)","계","10 - 14세",0,-
"임신, 출산 및 산후기 (O00-O99)","계","15 - 19세",0,-
"임신, 출산 및 산후기 (O00-O99)","계","20 - 24세",0,-
"임신, 출산 및 산후기 (O00-O99)","계","25 - 29세",1,0.0
"임신, 출산 및 산후기 (O00-O99)","계","30 - 34세",10,0.3
"임신, 출산 및 산후기 (O00-O99)","계","35 - 39세",12,0.4
"임신, 출산 및 산후기 (O00-O99)","계","40 - 44세",2,0.1
"임신, 출산 및 산후기 (O00-O99)","계","45 - 49세",0,-
"임신, 출산 및 산후기 (O00-O99)","계","50 - 54세",0,-
"임신, 출산 및 산후기 (O00-O99)","계","55 - 59세",0,-
"임신, 출산 및 산후기 (O00-O99)","계","60 - 64세",0,-
"임신, 출산 및 산후기 (O00-O99)","계","65 - 69세",0,-
"임신, 출산 및 산후기 (O00-O99)","계","70 - 74세",0,-
"임신, 출산 및 산후기 (O00-O99)","계","75 - 79세",0,-
"임신, 출산 및 산후기 (O00-O99)","계","80세이상",0,-
"임신, 출산 및 산후기 (O00-O99)","계","80 - 84세",0,-
"임신, 출산 및 산후기 (O00-O99)","계","85 - 89세",0,-
"임신, 출산 및 산후기 (O00-O99)","계","90세이상",0,-
"임신, 출산 및 산후기 (O00-O99)","계","15세 미만",0,
"임신, 출산 및 산후기 (O00-O99)","계","15 - 64세",25,0.1
"임신, 출산 및 산후기 (O00-O99)","계","65세 이상",0,
"임신, 출산 및 산후기 (O00-O99)","계","연령미상",0,-
"임신, 출산 및 산후기 (O00-O99)","남자","계",0,-
"임신, 출산 및 산후기 (O00-O99)","남자","0세",0,-
"임신, 출산 및 산후기 (O00-O99)","남자","1 - 4세",0,-
"임신, 출산 및 산후기 (O00-O99)","남자","5 - 9세",0,-
"임신, 출산 및 산후기 (O00-O99)","남자","10 - 14세",0,-
"임신, 출산 및 산후기 (O00-O99)","남자","15 - 19세",0,-
"임신, 출산 및 산후기 (O00-O99)","남자","20 - 24세",0,-
"임신, 출산 및 산후기 (O00-O99)","남자","25 - 29세",0,-
"임신, 출산 및 산후기 (O00-O99)","남자","30 - 34세",0,-
"임신, 출산 및 산후기 (O00-O99)","남자","35 - 39세",0,-
"임신, 출산 및 산후기 (O00-O99)","남자","40 - 44세",0,-
"임신, 출산 및 산후기 (O00-O99)","남자","45 - 49세",0,-
"임신, 출산 및 산후기 (O00-O99)","남자","50 - 54세",0,-
"임신, 출산 및 산후기 (O00-O99)","남자","55 - 59세",0,-
"임신, 출산 및 산후기 (O00-O99)","남자","60 - 64세",0,-
"임신, 출산 및 산후기 (O00-O99)","남자","65 - 69세",0,-
"임신, 출산 및 산후기 (O00-O99)","남자","70 - 74세",0,-
"임신, 출산 및 산후기 (O00-O99)","남자","75 - 79세",0,-
"임신, 출산 및 산후기 (O00-O99)","남자","80세이상",0,-
"임신, 출산 및 산후기 (O00-O99)","남자","80 - 84세",0,-
"임신, 출산 및 산후기 (O00-O99)","남자","85 - 89세",0,-
"임신, 출산 및 산후기 (O00-O99)","남자","90세이상",0,-
"임신, 출산 및 산후기 (O00-O99)","남자","15세 미만",0,
"임신, 출산 및 산후기 (O00-O99)","남자","15 - 64세",0,
"임신, 출산 및 산후기 (O00-O99)","남자","65세 이상",0,
"임신, 출산 및 산후기 (O00-O99)","남자","연령미상",0,-
"임신, 출산 및 산후기 (O00-O99)","여자","계",25,0.1
"임신, 출산 및 산후기 (O00-O99)","여자","0세",0,-
"임신, 출산 및 산후기 (O00-O99)","여자","1 - 4세",0,-
"임신, 출산 및 산후기 (O00-O99)","여자","5 - 9세",0,-
"임신, 출산 및 산후기 (O00-O99)","여자","10 - 14세",0,-
"임신, 출산 및 산후기 (O00-O99)","여자","15 - 19세",0,-
"임신, 출산 및 산후기 (O00-O99)","여자","20 - 24세",0,-
"임신, 출산 및 산후기 (O00-O99)","여자","25 - 29세",1,0.1
"임신, 출산 및 산후기 (O00-O99)","여자","30 - 34세",10,0.6
"임신, 출산 및 산후기 (O00-O99)","여자","35 - 39세",12,0.7
"임신, 출산 및 산후기 (O00-O99)","여자","40 - 44세",2,0.1
"임신, 출산 및 산후기 (O00-O99)","여자","45 - 49세",0,-
"임신, 출산 및 산후기 (O00-O99)","여자","50 - 54세",0,-
"임신, 출산 및 산후기 (O00-O99)","여자","55 - 59세",0,-
"임신, 출산 및 산후기 (O00-O99)","여자","60 - 64세",0,-
"임신, 출산 및 산후기 (O00-O99)","여자","65 - 69세",0,-
"임신, 출산 및 산후기 (O00-O99)","여자","70 - 74세",0,-
"임신, 출산 및 산후기 (O00-O99)","여자","75 - 79세",0,-
"임신, 출산 및 산후기 (O00-O99)","여자","80세이상",0,-
"임신, 출산 및 산후기 (O00-O99)","여자","80 - 84세",0,-
"임신, 출산 및 산후기 (O00-O99)","여자","85 - 89세",0,-
"임신, 출산 및 산후기 (O00-O99)","여자","90세이상",0,-
"임신, 출산 및 산후기 (O00-O99)","여자","15세 미만",0,
"임신, 출산 및 산후기 (O00-O99)","여자","15 - 64세",25,0.1
"임신, 출산 및 산후기 (O00-O99)","여자","65세 이상",0,
"임신, 출산 및 산후기 (O00-O99)","여자","연령미상",0,-
"출생전후기에 기원한 특정병태 (P00-P96)","계","계",278,0.5
"출생전후기에 기원한 특정병태 (P00-P96)","계","0세",268,107.6
"출생전후기에 기원한 특정병태 (P00-P96)","계","1 - 4세",7,0.6
"출생전후기에 기원한 특정병태 (P00-P96)","계","5 - 9세",2,0.1
"출생전후기에 기원한 특정병태 (P00-P96)","계","10 - 14세",0,-
"출생전후기에 기원한 특정병태 (P00-P96)","계","15 - 19세",1,0.0
"출생전후기에 기원한 특정병태 (P00-P96)","계","20 - 24세",0,-
"출생전후기에 기원한 특정병태 (P00-P96)","계","25 - 29세",0,-
"출생전후기에 기원한 특정병태 (P00-P96)","계","30 - 34세",0,-
"출생전후기에 기원한 특정병태 (P00-P96)","계","35 - 39세",0,-
"출생전후기에 기원한 특정병태 (P00-P96)","계","40 - 44세",0,-
"출생전후기에 기원한 특정병태 (P00-P96)","계","45 - 49세",0,-
"출생전후기에 기원한 특정병태 (P00-P96)","계","50 - 54세",0,-
"출생전후기에 기원한 특정병태 (P00-P96)","계","55 - 59세",0,-
"출생전후기에 기원한 특정병태 (P00-P96)","계","60 - 64세",0,-
"출생전후기에 기원한 특정병태 (P00-P96)","계","65 - 69세",0,-
"출생전후기에 기원한 특정병태 (P00-P96)","계","70 - 74세",0,-
"출생전후기에 기원한 특정병태 (P00-P96)","계","75 - 79세",0,-
"출생전후기에 기원한 특정병태 (P00-P96)","계","80세이상",0,-
"출생전후기에 기원한 특정병태 (P00-P96)","계","80 - 84세",0,-
"출생전후기에 기원한 특정병태 (P00-P96)","계","85 - 89세",0,-
"출생전후기에 기원한 특정병태 (P00-P96)","계","90세이상",0,-
"출생전후기에 기원한 특정병태 (P00-P96)","계","15세 미만",277,4.6
"출생전후기에 기원한 특정병태 (P00-P96)","계","15 - 64세",1,0.0
"출생전후기에 기원한 특정병태 (P00-P96)","계","65세 이상",0,
"출생전후기에 기원한 특정병태 (P00-P96)","계","연령미상",0,-
"출생전후기에 기원한 특정병태 (P00-P96)","남자","계",164,0.6
"출생전후기에 기원한 특정병태 (P00-P96)","남자","0세",156,122.3
"출생전후기에 기원한 특정병태 (P00-P96)","남자","1 - 4세",5,0.8
"출생전후기에 기원한 특정병태 (P00-P96)","남자","5 - 9세",2,0.2
"출생전후기에 기원한 특정병태 (P00-P96)","남자","10 - 14세",0,-
"출생전후기에 기원한 특정병태 (P00-P96)","남자","15 - 19세",1,0.1
"출생전후기에 기원한 특정병태 (P00-P96)","남자","20 - 24세",0,-
"출생전후기에 기원한 특정병태 (P00-P96)","남자","25 - 29세",0,-
"출생전후기에 기원한 특정병태 (P00-P96)","남자","30 - 34세",0,-
"출생전후기에 기원한 특정병태 (P00-P96)","남자","35 - 39세",0,-
"출생전후기에 기원한 특정병태 (P00-P96)","남자","40 - 44세",0,-
"출생전후기에 기원한 특정병태 (P00-P96)","남자","45 - 49세",0,-
"출생전후기에 기원한 특정병태 (P00-P96)","남자","50 - 54세",0,-
"출생전후기에 기원한 특정병태 (P00-P96)","남자","55 - 59세",0,-
"출생전후기에 기원한 특정병태 (P00-P96)","남자","60 - 64세",0,-
"출생전후기에 기원한 특정병태 (P00-P96)","남자","65 - 69세",0,-
"출생전후기에 기원한 특정병태 (P00-P96)","남자","70 - 74세",0,-
"출생전후기에 기원한 특정병태 (P00-P96)","남자","75 - 79세",0,-
"출생전후기에 기원한 특정병태 (P00-P96)","남자","80세이상",0,-
"출생전후기에 기원한 특정병태 (P00-P96)","남자","80 - 84세",0,-
"출생전후기에 기원한 특정병태 (P00-P96)","남자","85 - 89세",0,-
"출생전후기에 기원한 특정병태 (P00-P96)","남자","90세이상",0,-
"출생전후기에 기원한 특정병태 (P00-P96)","남자","15세 미만",163,5.3
"출생전후기에 기원한 특정병태 (P00-P96)","남자","15 - 64세",1,0.0
"출생전후기에 기원한 특정병태 (P00-P96)","남자","65세 이상",0,
"출생전후기에 기원한 특정병태 (P00-P96)","남자","연령미상",0,-
"출생전후기에 기원한 특정병태 (P00-P96)","여자","계",114,0.4
"출생전후기에 기원한 특정병태 (P00-P96)","여자","0세",112,92.1
"출생전후기에 기원한 특정병태 (P00-P96)","여자","1 - 4세",2,0.3
"출생전후기에 기원한 특정병태 (P00-P96)","여자","5 - 9세",0,-
"출생전후기에 기원한 특정병태 (P00-P96)","여자","10 - 14세",0,-
"출생전후기에 기원한 특정병태 (P00-P96)","여자","15 - 19세",0,-
"출생전후기에 기원한 특정병태 (P00-P96)","여자","20 - 24세",0,-
"출생전후기에 기원한 특정병태 (P00-P96)","여자","25 - 29세",0,-
"출생전후기에 기원한 특정병태 (P00-P96)","여자","30 - 34세",0,-
"출생전후기에 기원한 특정병태 (P00-P96)","여자","35 - 39세",0,-
"출생전후기에 기원한 특정병태 (P00-P96)","여자","40 - 44세",0,-
"출생전후기에 기원한 특정병태 (P00-P96)","여자","45 - 49세",0,-
"출생전후기에 기원한 특정병태 (P00-P96)","여자","50 - 54세",0,-
"출생전후기에 기원한 특정병태 (P00-P96)","여자","55 - 59세",0,-
"출생전후기에 기원한 특정병태 (P00-P96)","여자","60 - 64세",0,-
"출생전후기에 기원한 특정병태 (P00-P96)","여자","65 - 69세",0,-
"출생전후기에 기원한 특정병태 (P00-P96)","여자","70 - 74세",0,-
"출생전후기에 기원한 특정병태 (P00-P96)","여자","75 - 79세",0,-
"출생전후기에 기원한 특정병태 (P00-P96)","여자","80세이상",0,-
"출생전후기에 기원한 특정병태 (P00-P96)","여자","80 - 84세",0,-
"출생전후기에 기원한 특정병태 (P00-P96)","여자","85 - 89세",0,-
"출생전후기에 기원한 특정병태 (P00-P96)","여자","90세이상",0,-
"출생전후기에 기원한 특정병태 (P00-P96)","여자","15세 미만",114,3.9
"출생전후기에 기원한 특정병태 (P00-P96)","여자","15 - 64세",0,
"출생전후기에 기원한 특정병태 (P00-P96)","여자","65세 이상",0,
"출생전후기에 기원한 특정병태 (P00-P96)","여자","연령미상",0,-
"선천 기형, 변형 및 염색체 이상 (Q00-Q99)","계","계",302,0.6
"선천 기형, 변형 및 염색체 이상 (Q00-Q99)","계","0세",97,38.9
"선천 기형, 변형 및 염색체 이상 (Q00-Q99)","계","1 - 4세",21,1.7
"선천 기형, 변형 및 염색체 이상 (Q00-Q99)","계","5 - 9세",14,0.6
"선천 기형, 변형 및 염색체 이상 (Q00-Q99)","계","10 - 14세",11,0.5
"선천 기형, 변형 및 염색체 이상 (Q00-Q99)","계","15 - 19세",10,0.4
"선천 기형, 변형 및 염색체 이상 (Q00-Q99)","계","20 - 24세",15,0.5
"선천 기형, 변형 및 염색체 이상 (Q00-Q99)","계","25 - 29세",12,0.3
"선천 기형, 변형 및 염색체 이상 (Q00-Q99)","계","30 - 34세",12,0.4
"선천 기형, 변형 및 염색체 이상 (Q00-Q99)","계","35 - 39세",12,0.4
"선천 기형, 변형 및 염색체 이상 (Q00-Q99)","계","40 - 44세",2,0.1
"선천 기형, 변형 및 염색체 이상 (Q00-Q99)","계","45 - 49세",9,0.2
"선천 기형, 변형 및 염색체 이상 (Q00-Q99)","계","50 - 54세",16,0.4
"선천 기형, 변형 및 염색체 이상 (Q00-Q99)","계","55 - 59세",10,0.2
"선천 기형, 변형 및 염색체 이상 (Q00-Q99)","계","60 - 64세",14,0.3
"선천 기형, 변형 및 염색체 이상 (Q00-Q99)","계","65 - 69세",12,0.4
"선천 기형, 변형 및 염색체 이상 (Q00-Q99)","계","70 - 74세",8,0.4
"선천 기형, 변형 및 염색체 이상 (Q00-Q99)","계","75 - 79세",11,0.7
"선천 기형, 변형 및 염색체 이상 (Q00-Q99)","계","80세이상",16,0.7
"선천 기형, 변형 및 염색체 이상 (Q00-Q99)","계","80 - 84세",7,0.6
"선천 기형, 변형 및 염색체 이상 (Q00-Q99)","계","85 - 89세",4,0.6
"선천 기형, 변형 및 염색체 이상 (Q00-Q99)","계","90세이상",5,1.8
"선천 기형, 변형 및 염색체 이상 (Q00-Q99)","계","15세 미만",143,2.4
"선천 기형, 변형 및 염색체 이상 (Q00-Q99)","계","15 - 64세",112,0.3
"선천 기형, 변형 및 염색체 이상 (Q00-Q99)","계","65세 이상",47,0.5
"선천 기형, 변형 및 염색체 이상 (Q00-Q99)","계","연령미상",0,-
"선천 기형, 변형 및 염색체 이상 (Q00-Q99)","남자","계",148,0.6
"선천 기형, 변형 및 염색체 이상 (Q00-Q99)","남자","0세",47,36.9
"선천 기형, 변형 및 염색체 이상 (Q00-Q99)","남자","1 - 4세",9,1.4
"선천 기형, 변형 및 염색체 이상 (Q00-Q99)","남자","5 - 9세",8,0.7
"선천 기형, 변형 및 염색체 이상 (Q00-Q99)","남자","10 - 14세",4,0.3
"선천 기형, 변형 및 염색체 이상 (Q00-Q99)","남자","15 - 19세",6,0.5
"선천 기형, 변형 및 염색체 이상 (Q00-Q99)","남자","20 - 24세",7,0.4
"선천 기형, 변형 및 염색체 이상 (Q00-Q99)","남자","25 - 29세",8,0.4
"선천 기형, 변형 및 염색체 이상 (Q00-Q99)","남자","30 - 34세",7,0.4
"선천 기형, 변형 및 염색체 이상 (Q00-Q99)","남자","35 - 39세",6,0.3
"선천 기형, 변형 및 염색체 이상 (Q00-Q99)","남자","40 - 44세",2,0.1
"선천 기형, 변형 및 염색체 이상 (Q00-Q99)","남자","45 - 49세",4,0.2
"선천 기형, 변형 및 염색체 이상 (Q00-Q99)","남자","50 - 54세",7,0.3
"선천 기형, 변형 및 염색체 이상 (Q00-Q99)","남자","55 - 59세",6,0.3
"선천 기형, 변형 및 염색체 이상 (Q00-Q99)","남자","60 - 64세",7,0.3
"선천 기형, 변형 및 염색체 이상 (Q00-Q99)","남자","65 - 69세",6,0.4
"선천 기형, 변형 및 염색체 이상 (Q00-Q99)","남자","70 - 74세",2,0.2
"선천 기형, 변형 및 염색체 이상 (Q00-Q99)","남자","75 - 79세",4,0.6
"선천 기형, 변형 및 염색체 이상 (Q00-Q99)","남자","80세이상",8,1.1
"선천 기형, 변형 및 염색체 이상 (Q00-Q99)","남자","80 - 84세",3,0.6
"선천 기형, 변형 및 염색체 이상 (Q00-Q99)","남자","85 - 89세",3,1.5
"선천 기형, 변형 및 염색체 이상 (Q00-Q99)","남자","90세이상",2,3.3
"선천 기형, 변형 및 염색체 이상 (Q00-Q99)","남자","15세 미만",68,2.2
"선천 기형, 변형 및 염색체 이상 (Q00-Q99)","남자","15 - 64세",60,0.3
"선천 기형, 변형 및 염색체 이상 (Q00-Q99)","남자","65세 이상",20,0.5
"선천 기형, 변형 및 염색체 이상 (Q00-Q99)","남자","연령미상",0,-
"선천 기형, 변형 및 염색체 이상 (Q00-Q99)","여자","계",154,0.6
"선천 기형, 변형 및 염색체 이상 (Q00-Q99)","여자","0세",50,41.1
"선천 기형, 변형 및 염색체 이상 (Q00-Q99)","여자","1 - 4세",12,2.0
"선천 기형, 변형 및 염색체 이상 (Q00-Q99)","여자","5 - 9세",6,0.6
"선천 기형, 변형 및 염색체 이상 (Q00-Q99)","여자","10 - 14세",7,0.6
"선천 기형, 변형 및 염색체 이상 (Q00-Q99)","여자","15 - 19세",4,0.4
"선천 기형, 변형 및 염색체 이상 (Q00-Q99)","여자","20 - 24세",8,0.6
"선천 기형, 변형 및 염색체 이상 (Q00-Q99)","여자","25 - 29세",4,0.2
"선천 기형, 변형 및 염색체 이상 (Q00-Q99)","여자","30 - 34세",5,0.3
"선천 기형, 변형 및 염색체 이상 (Q00-Q99)","여자","35 - 39세",6,0.4
"선천 기형, 변형 및 염색체 이상 (Q00-Q99)","여자","40 - 44세",0,-
"선천 기형, 변형 및 염색체 이상 (Q00-Q99)","여자","45 - 49세",5,0.2
"선천 기형, 변형 및 염색체 이상 (Q00-Q99)","여자","50 - 54세",9,0.4
"선천 기형, 변형 및 염색체 이상 (Q00-Q99)","여자","55 - 59세",4,0.2
"선천 기형, 변형 및 염색체 이상 (Q00-Q99)","여자","60 - 64세",7,0.3
"선천 기형, 변형 및 염색체 이상 (Q00-Q99)","여자","65 - 69세",6,0.4
"선천 기형, 변형 및 염색체 이상 (Q00-Q99)","여자","70 - 74세",6,0.5
"선천 기형, 변형 및 염색체 이상 (Q00-Q99)","여자","75 - 79세",7,0.8
"선천 기형, 변형 및 염색체 이상 (Q00-Q99)","여자","80세이상",8,0.6
"선천 기형, 변형 및 염색체 이상 (Q00-Q99)","여자","80 - 84세",4,0.5
"선천 기형, 변형 및 염색체 이상 (Q00-Q99)","여자","85 - 89세",1,0.2
"선천 기형, 변형 및 염색체 이상 (Q00-Q99)","여자","90세이상",3,1.4
"선천 기형, 변형 및 염색체 이상 (Q00-Q99)","여자","15세 미만",75,2.6
"선천 기형, 변형 및 염색체 이상 (Q00-Q99)","여자","15 - 64세",52,0.3
"선천 기형, 변형 및 염색체 이상 (Q00-Q99)","여자","65세 이상",27,0.5
"선천 기형, 변형 및 염색체 이상 (Q00-Q99)","여자","연령미상",0,-
"달리 분류되지 않은 증상, 징후 (R00-R99)","계","계",44038,85.9
"달리 분류되지 않은 증상, 징후 (R00-R99)","계","0세",91,36.5
"달리 분류되지 않은 증상, 징후 (R00-R99)","계","1 - 4세",25,2.0
"달리 분류되지 않은 증상, 징후 (R00-R99)","계","5 - 9세",15,0.7
"달리 분류되지 않은 증상, 징후 (R00-R99)","계","10 - 14세",11,0.5
"달리 분류되지 않은 증상, 징후 (R00-R99)","계","15 - 19세",29,1.2
"달리 분류되지 않은 증상, 징후 (R00-R99)","계","20 - 24세",41,1.4
"달리 분류되지 않은 증상, 징후 (R00-R99)","계","25 - 29세",77,2.2
"달리 분류되지 않은 증상, 징후 (R00-R99)","계","30 - 34세",99,3.0
"달리 분류되지 않은 증상, 징후 (R00-R99)","계","35 - 39세",192,5.7
"달리 분류되지 않은 증상, 징후 (R00-R99)","계","40 - 44세",353,8.9
"달리 분류되지 않은 증상, 징후 (R00-R99)","계","45 - 49세",616,15.1
"달리 분류되지 않은 증상, 징후 (R00-R99)","계","50 - 54세",910,20.2
"달리 분류되지 않은 증상, 징후 (R00-R99)","계","55 - 59세",1230,30.3
"달리 분류되지 않은 증상, 징후 (R00-R99)","계","60 - 64세",1587,38.3
"달리 분류되지 않은 증상, 징후 (R00-R99)","계","65 - 69세",1546,50.1
"달리 분류되지 않은 증상, 징후 (R00-R99)","계","70 - 74세",1999,93.0
"달리 분류되지 않은 증상, 징후 (R00-R99)","계","75 - 79세",3386,211.1
"달리 분류되지 않은 증상, 징후 (R00-R99)","계","80세이상",31826,1466.3
"달리 분류되지 않은 증상, 징후 (R00-R99)","계","80 - 84세",7428,595.3
"달리 분류되지 않은 증상, 징후 (R00-R99)","계","85 - 89세",10323,1594.3
"달리 분류되지 않은 증상, 징후 (R00-R99)","계","90세이상",14075,5114.3
"달리 분류되지 않은 증상, 징후 (R00-R99)","계","15세 미만",142,2.4
"달리 분류되지 않은 증상, 징후 (R00-R99)","계","15 - 64세",5134,14.2
"달리 분류되지 않은 증상, 징후 (R00-R99)","계","65세 이상",38757,430.1
"달리 분류되지 않은 증상, 징후 (R00-R99)","계","연령미상",5,-
"달리 분류되지 않은 증상, 징후 (R00-R99)","남자","계",19272,75.5
"달리 분류되지 않은 증상, 징후 (R00-R99)","남자","0세",53,41.6
"달리 분류되지 않은 증상, 징후 (R00-R99)","남자","1 - 4세",15,2.4
"달리 분류되지 않은 증상, 징후 (R00-R99)","남자","5 - 9세",7,0.6
"달리 분류되지 않은 증상, 징후 (R00-R99)","남자","10 - 14세",8,0.7
"달리 분류되지 않은 증상, 징후 (R00-R99)","남자","15 - 19세",17,1.4
"달리 분류되지 않은 증상, 징후 (R00-R99)","남자","20 - 24세",24,1.5
"달리 분류되지 않은 증상, 징후 (R00-R99)","남자","25 - 29세",61,3.3
"달리 분류되지 않은 증상, 징후 (R00-R99)","남자","30 - 34세",79,4.7
"달리 분류되지 않은 증상, 징후 (R00-R99)","남자","35 - 39세",141,8.1
"달리 분류되지 않은 증상, 징후 (R00-R99)","남자","40 - 44세",264,13.0
"달리 분류되지 않은 증상, 징후 (R00-R99)","남자","45 - 49세",467,22.6
"달리 분류되지 않은 증상, 징후 (R00-R99)","남자","50 - 54세",746,32.9
"달리 분류되지 않은 증상, 징후 (R00-R99)","남자","55 - 59세",1034,50.5
"달리 분류되지 않은 증상, 징후 (R00-R99)","남자","60 - 64세",1302,63.5
"달리 분류되지 않은 증상, 징후 (R00-R99)","남자","65 - 69세",1162,77.8
"달리 분류되지 않은 증상, 징후 (R00-R99)","남자","70 - 74세",1378,136.9
"달리 분류되지 않은 증상, 징후 (R00-R99)","남자","75 - 79세",1956,279.3
"달리 분류되지 않은 증상, 징후 (R00-R99)","남자","80세이상",10558,1424.4
"달리 분류되지 않은 증상, 징후 (R00-R99)","남자","80 - 84세",3720,777.3
"달리 분류되지 않은 증상, 징후 (R00-R99)","남자","85 - 89세",3862,1911.7
"달리 분류되지 않은 증상, 징후 (R00-R99)","남자","90세이상",2976,4906.3
"달리 분류되지 않은 증상, 징후 (R00-R99)","남자","15세 미만",83,2.7
"달리 분류되지 않은 증상, 징후 (R00-R99)","남자","15 - 64세",4135,22.3
"달리 분류되지 않은 증상, 징후 (R00-R99)","남자","65세 이상",15054,381.9
"달리 분류되지 않은 증상, 징후 (R00-R99)","남자","연령미상",0,-
"달리 분류되지 않은 증상, 징후 (R00-R99)","여자","계",24766,96.3
"달리 분류되지 않은 증상, 징후 (R00-R99)","여자","0세",38,31.3
"달리 분류되지 않은 증상, 징후 (R00-R99)","여자","1 - 4세",10,1.7
"달리 분류되지 않은 증상, 징후 (R00-R99)","여자","5 - 9세",8,0.8
"달리 분류되지 않은 증상, 징후 (R00-R99)","여자","10 - 14세",3,0.3
"달리 분류되지 않은 증상, 징후 (R00-R99)","여자","15 - 19세",12,1.1
"달리 분류되지 않은 증상, 징후 (R00-R99)","여자","20 - 24세",17,1.2
"달리 분류되지 않은 증상, 징후 (R00-R99)","여자","25 - 29세",16,1.0
"달리 분류되지 않은 증상, 징후 (R00-R99)","여자","30 - 34세",20,1.3
"달리 분류되지 않은 증상, 징후 (R00-R99)","여자","35 - 39세",51,3.1
"달리 분류되지 않은 증상, 징후 (R00-R99)","여자","40 - 44세",89,4.5
"달리 분류되지 않은 증상, 징후 (R00-R99)","여자","45 - 49세",149,7.4
"달리 분류되지 않은 증상, 징후 (R00-R99)","여자","50 - 54세",164,7.4
"달리 분류되지 않은 증상, 징후 (R00-R99)","여자","55 - 59세",196,9.8
"달리 분류되지 않은 증상, 징후 (R00-R99)","여자","60 - 64세",285,13.6
"달리 분류되지 않은 증상, 징후 (R00-R99)","여자","65 - 69세",384,24.1
"달리 분류되지 않은 증상, 징후 (R00-R99)","여자","70 - 74세",621,54.4
"달리 분류되지 않은 증상, 징후 (R00-R99)","여자","75 - 79세",1430,158.2
"달리 분류되지 않은 증상, 징후 (R00-R99)","여자","80세이상",21268,1488.0
"달리 분류되지 않은 증상, 징후 (R00-R99)","여자","80 - 84세",3708,482.0
"달리 분류되지 않은 증상, 징후 (R00-R99)","여자","85 - 89세",6461,1450.4
"달리 분류되지 않은 증상, 징후 (R00-R99)","여자","90세이상",11099,5173.1
"달리 분류되지 않은 증상, 징후 (R00-R99)","여자","15세 미만",59,2.0
"달리 분류되지 않은 증상, 징후 (R00-R99)","여자","15 - 64세",999,5.6
"달리 분류되지 않은 증상, 징후 (R00-R99)","여자","65세 이상",23703,467.7
"달리 분류되지 않은 증상, 징후 (R00-R99)","여자","연령미상",5,-
"질병이환 및 사망의 외인 (V01-Y89, U12)","계","계",26688,52.1
"질병이환 및 사망의 외인 (V01-Y89, U12)","계","0세",53,21.3
"질병이환 및 사망의 외인 (V01-Y89, U12)","계","1 - 4세",42,3.4
"질병이환 및 사망의 외인 (V01-Y89, U12)","계","5 - 9세",42,1.9
"질병이환 및 사망의 외인 (V01-Y89, U12)","계","10 - 14세",116,4.9
"질병이환 및 사망의 외인 (V01-Y89, U12)","계","15 - 19세",356,15.2
"질병이환 및 사망의 외인 (V01-Y89, U12)","계","20 - 24세",746,24.7
"질병이환 및 사망의 외인 (V01-Y89, U12)","계","25 - 29세",1125,32.2
"질병이환 및 사망의 외인 (V01-Y89, U12)","계","30 - 34세",1024,31.5
"질병이환 및 사망의 외인 (V01-Y89, U12)","계","35 - 39세",1090,32.2
"질병이환 및 사망의 외인 (V01-Y89, U12)","계","40 - 44세",1477,37.1
"질병이환 및 사망의 외인 (V01-Y89, U12)","계","45 - 49세",1690,41.4
"질병이환 및 사망의 외인 (V01-Y89, U12)","계","50 - 54세",2070,46.0
"질병이환 및 사망의 외인 (V01-Y89, U12)","계","55 - 59세",2132,52.6
"질병이환 및 사망의 외인 (V01-Y89, U12)","계","60 - 64세",2367,57.1
"질병이환 및 사망의 외인 (V01-Y89, U12)","계","65 - 69세",2184,70.7
"질병이환 및 사망의 외인 (V01-Y89, U12)","계","70 - 74세",1896,88.3
"질병이환 및 사망의 외인 (V01-Y89, U12)","계","75 - 79세",2106,131.3
"질병이환 및 사망의 외인 (V01-Y89, U12)","계","80세이상",6171,284.3
"질병이환 및 사망의 외인 (V01-Y89, U12)","계","80 - 84세",2717,217.7
"질병이환 및 사망의 외인 (V01-Y89, U12)","계","85 - 89세",2034,314.1
"질병이환 및 사망의 외인 (V01-Y89, U12)","계","90세이상",1420,516.0
"질병이환 및 사망의 외인 (V01-Y89, U12)","계","15세 미만",253,4.2
"질병이환 및 사망의 외인 (V01-Y89, U12)","계","15 - 64세",14077,38.8
"질병이환 및 사망의 외인 (V01-Y89, U12)","계","65세 이상",12357,137.1
"질병이환 및 사망의 외인 (V01-Y89, U12)","계","연령미상",1,-
"질병이환 및 사망의 외인 (V01-Y89, U12)","남자","계",18223,71.4
"질병이환 및 사망의 외인 (V01-Y89, U12)","남자","0세",29,22.7
"질병이환 및 사망의 외인 (V01-Y89, U12)","남자","1 - 4세",23,3.6
"질병이환 및 사망의 외인 (V01-Y89, U12)","남자","5 - 9세",30,2.7
"질병이환 및 사망의 외인 (V01-Y89, U12)","남자","10 - 14세",68,5.6
"질병이환 및 사망의 외인 (V01-Y89, U12)","남자","15 - 19세",216,17.8
"질병이환 및 사망의 외인 (V01-Y89, U12)","남자","20 - 24세",429,27.3
"질병이환 및 사망의 외인 (V01-Y89, U12)","남자","25 - 29세",745,40.4
"질병이환 및 사망의 외인 (V01-Y89, U12)","남자","30 - 34세",715,42.1
"질병이환 및 사망의 외인 (V01-Y89, U12)","남자","35 - 39세",758,43.7
"질병이환 및 사망의 외인 (V01-Y89, U12)","남자","40 - 44세",1022,50.4
"질병이환 및 사망의 외인 (V01-Y89, U12)","남자","45 - 49세",1250,60.5
"질병이환 및 사망의 외인 (V01-Y89, U12)","남자","50 - 54세",1570,69.3
"질병이환 및 사망의 외인 (V01-Y89, U12)","남자","55 - 59세",1700,82.9
"질병이환 및 사망의 외인 (V01-Y89, U12)","남자","60 - 64세",1876,91.5
"질병이환 및 사망의 외인 (V01-Y89, U12)","남자","65 - 69세",1683,112.6
"질병이환 및 사망의 외인 (V01-Y89, U12)","남자","70 - 74세",1428,141.9
"질병이환 및 사망의 외인 (V01-Y89, U12)","남자","75 - 79세",1448,206.8
"질병이환 및 사망의 외인 (V01-Y89, U12)","남자","80세이상",3233,436.2
"질병이환 및 사망의 외인 (V01-Y89, U12)","남자","80 - 84세",1713,357.9
"질병이환 및 사망의 외인 (V01-Y89, U12)","남자","85 - 89세",1051,520.3
"질병이환 및 사망의 외인 (V01-Y89, U12)","남자","90세이상",469,773.2
"질병이환 및 사망의 외인 (V01-Y89, U12)","남자","15세 미만",150,4.9
"질병이환 및 사망의 외인 (V01-Y89, U12)","남자","15 - 64세",10281,55.5
"질병이환 및 사망의 외인 (V01-Y89, U12)","남자","65세 이상",7792,197.7
"질병이환 및 사망의 외인 (V01-Y89, U12)","남자","연령미상",0,-
"질병이환 및 사망의 외인 (V01-Y89, U12)","여자","계",8465,32.9
"질병이환 및 사망의 외인 (V01-Y89, U12)","여자","0세",24,19.7
"질병이환 및 사망의 외인 (V01-Y89, U12)","여자","1 - 4세",19,3.2
"질병이환 및 사망의 외인 (V01-Y89, U12)","여자","5 - 9세",12,1.1
"질병이환 및 사망의 외인 (V01-Y89, U12)","여자","10 - 14세",48,4.2
"질병이환 및 사망의 외인 (V01-Y89, U12)","여자","15 - 19세",140,12.4
"질병이환 및 사망의 외인 (V01-Y89, U12)","여자","20 - 24세",317,21.9
"질병이환 및 사망의 외인 (V01-Y89, U12)","여자","25 - 29세",380,23.0
"질병이환 및 사망의 외인 (V01-Y89, U12)","여자","30 - 34세",309,19.9
"질병이환 및 사망의 외인 (V01-Y89, U12)","여자","35 - 39세",332,20.1
"질병이환 및 사망의 외인 (V01-Y89, U12)","여자","40 - 44세",455,23.3
"질병이환 및 사망의 외인 (V01-Y89, U12)","여자","45 - 49세",440,21.9
"질병이환 및 사망의 외인 (V01-Y89, U12)","여자","50 - 54세",500,22.4
"질병이환 및 사망의 외인 (V01-Y89, U12)","여자","55 - 59세",432,21.6
"질병이환 및 사망의 외인 (V01-Y89, U12)","여자","60 - 64세",491,23.5
"질병이환 및 사망의 외인 (V01-Y89, U12)","여자","65 - 69세",501,31.4
"질병이환 및 사망의 외인 (V01-Y89, U12)","여자","70 - 74세",468,41.0
"질병이환 및 사망의 외인 (V01-Y89, U12)","여자","75 - 79세",658,72.8
"질병이환 및 사망의 외인 (V01-Y89, U12)","여자","80세이상",2938,205.6
"질병이환 및 사망의 외인 (V01-Y89, U12)","여자","80 - 84세",1004,130.5
"질병이환 및 사망의 외인 (V01-Y89, U12)","여자","85 - 89세",983,220.7
"질병이환 및 사망의 외인 (V01-Y89, U12)","여자","90세이상",951,443.3
"질병이환 및 사망의 외인 (V01-Y89, U12)","여자","15세 미만",103,3.5
"질병이환 및 사망의 외인 (V01-Y89, U12)","여자","15 - 64세",3796,21.4
"질병이환 및 사망의 외인 (V01-Y89, U12)","여자","65세 이상",4565,90.1
"질병이환 및 사망의 외인 (V01-Y89, U12)","여자","연령미상",1,-
